negative,"@annemarike oh no  owies, when will that happen? "
neutral,RT @zaibatsu: Should You Follow Back On Twitter? http://t.co/4Wwdy96I #sm #twitter
positive,TODAAAAAY! Let's show Nottingham how things are done! 
negative,i cant sleep 
negative,@StreetWearBear.  yes I am thanks for reaveling to the world bro fuck my life hahaha
negative,@PhillyD Awe it always sucks when you cant sleep in your own bed  Hope your dad gets better he is in my prayers .
neutral,"""Straight Outta Hak Mob"" RT @Jhon_Doe_Smokes: Out of my 7 months of actually gettin on #Twitter. I've only beeâ€¦ (cont) http://t.co/qDM3X8BB"
negative,"@Kal_Penn arrrggghhh, and I hadn't seen last night's episode yet! Pity to lose you, though. "
positive,@katayy what do you think of Kelly clarkson? her new album has been pumping through my MP3 player for weeks now 
positive,@heidimontag hi  I'm new to twitter 
neutral,This nigga need to go to #Twitter Jail
positive,@amp451 good night  sweet dreamz
neutral,#twitter I hope all of you never stop dreaming! Because dreams fuel your soul! I love dreaming big and seeing what happens!
positive,23 or 24ï¿½C possible today. Nice 
neutral,@nand_krish007 #Microsoft arrogance again - Ballmer says you need to be a computer scientist to use #Android http://t.co/pltitgeI
positive,is thinking big v twin 
neutral,Good Night #Twitter.
positive,"@DefyGravity81 damn B, espanol and francais? you are one talented lady "
positive,@allan_at_rogue thanks Allan! They are photos from a Joolz Soiree I held up in Brisbane last year 
negative,morning everyone!! still feeling poorly!   hope u all have a good day! x
negative,oh wtf @ house. NOT COOL. 
negative,hot deadline... 
positive,mock + documentary=mockumentary  
neutral,I Feel Like #Promoting Anyones #Twitter Page (â™¦MENTION ME IF YOU WANT TO GET #PROMOTEDâ™¦) [ #PromoteBack ] twitter
neutral,RT @JonJars: #twitter; for those statuses you'd never post on #facebook
positive,ugh... allergies are killing me tonight! this house is driving me crazy! you and i should just run off and live in a bubble together  yes?
neutral,How strategic is our technology agenda? http://t.co/bmeiy5rq #Twitter #Strategy
neutral,if u couldnt tweet from your phone a lot of people wouldnt be on #twitter -- #broke #fact
positive,@cookrn woohoo!  yeah that day i was rockin it hard core  
neutral,@HectorAlteto welcome to the #twitter
negative,I am going to be 30 in a month...  Ugh 
positive,The train is travelling at a speed that will get me to the gym before work 
negative,@babyporridge I didn't get your 'Twitter is crap' reply 
negative,I wish we had a Dunkin Donuts in Holland  Today my moms back from Japan. Can't wait to see her!
neutral,RT @Luisfitq: Ty!RT @nine_oh: SIMPLY DA BEST ON #TWITTER MY TWEEPS @MsCarieFWR @dizzleb19 @LBN_Prod @Federal_and_Co @KimDeanMusic @mscre ...
positive,"@ryuuenx no the other guys you mentioned, haha  its cool ive been posting up random stuff for the past hour&amp; been getting a kick out of it"
positive,@imagejennation @whitrt we found a great Chinese place to hang out at 
neutral,#Microsoft #Dynamics GP soon to offer 64-bit Hyper-V images only : http://t.co/82CFFcHZ
neutral,#Twitter&FBOff
positive,I'm officially going to bed! Goodnight 
positive,OK all... Off to sleep on my magnetic mattress.  http://bit.ly/hPNrI  G'night all!  Sweet Dreams.   
neutral,#twitter be making my ass stay up later than planed
negative,"@smaffulli correction: they don't tell you, but a cert. is there. How you can use it is a different matter, and without Win yet another! "
negative,@meganh93 same it has been drizzling all day  if u are going to rain might as well pour.
negative,Went to the doctor's today and my blood sugar level was 178. 
negative,"But the international font looks ugly. Going back to original font. After all, who'd tweet in malayalam "
positive,@lucky_23 Your avatar is teh purdiness 
neutral,"#Google #Mobile Boss Andy Rubin on #Apple, #Microsoft and Tablets, Live at AsiaD - Ina Fried - #Mobile - AllThingsD http://t.co/S0jkqPwn"
neutral,- My Cute Friend @MelodyBtcc Finally Got A #Twitter :)
negative,Early Twitter Buzz: Star Trek Has Secret Premiere in Austin - http://is.gd/r9vr Holy crap! Wish I was there... 
negative,@trash_kitten  solution will be found!
positive,@EmilyCello Nessun realmente! ... I guess &quot;No! Davvvero!&quot; is what you mean 
negative,"had a flu shot at work, now my arm hurts "
positive,@KevinRuddPM: you're a dead set legend! Please make the broadbands super fast I will love you forever. 
negative,@d_TRIX my mom just had a root canal also...i feel your pain buddy! 
neutral,#Microsoft idea: Search the Internet like a celebrity (Todd Bishop/GeekWire) http://t.co/WhROX8KA
negative,@garretjiroux do u write back on twitter? i miss ya garee...  x
neutral,#Oomf dnt start dis sh*t on #twitter
positive,"REALLY heavy rain, at the top of 18flr building  Splendid."
positive,@lanaveenker It's not as much as I appreciate the information. Thanks! 
neutral,#twitter off!!*
negative,ok my TWEET PEEP i must head to bed now...Got to take a test in Law tomorrow  ...is it summer yet?  anyway much love and HUGGERS
neutral,"Omni Touch Screen System: going beyond the ""touch screens"" http://t.co/aROkfnOS  #Featured #Tech&amp;Gadgets #Microsoft #Omnitouch"
neutral,#twitter is great once you get the hang of itâ€œ@HaxxDubbz: @CBMonarch @Bran_Day I told her to get one to be a cool kid lolâ€
positive,@julieand break out your Bible and share some scripture...its what I do!! 
negative,"@joshsharp no money yet, i dont know anyone who has  maybe its all just a lie!! hes having us on so we all like him a little bit more lol"
positive,"@sarakgee  im not sur ehon, im coming with 2 more people, we have like 10 days. How bout ya'll come ot LA? "
negative,Ads not yet appeared  Google Adsense Team said it may delay 48 hrs on http://womenissues.info
positive,"called my hunnybunny, and i miss her already!  night lova'!"
neutral,"RT ""@RobyQQ: Your #Twitter followers either like you for your sense of humor or sex appeal."" -- I guess, I'm funny then... LOL!"
positive,shares Yeheeyyy! My karma has gone up  http://plurk.com/p/mzrpe
positive,"i just finished doing my nails, they are electric blue "
positive,"i'm feeling somewhat artistic...time to break out the sketching pad, i feel a new dress design coming "
negative,cuz like troybolton is the hottiemcsuperbob. omfgz. my nail buds  - cries -
neutral,ONE SERIOUS STATEMENT THO ! twitter
neutral,@JakeDizzleWins We Need To Speak Sum Real Shit On #Twitter
positive,"@trentvanegas twitter ain't broke, Trent, they got plenty of dough "
negative,No music today. Blip.fm is undergoing maintenance 
negative,@ruthclayton oh i aint gonna be ur bitch  but i will be HIS.. muwahaha
negative,@jdpeterson  hope you feel better. why cali?
negative,@shantelleb so has mine 
neutral,"#ihateitwhen i think of a cool twit,by da tym i grab da fone & load #twitter i would have forgotten it!!! #dumbass"
positive,@KendallMassey @jclayville rocks. But don't tell her I said that 
positive,@mademoiselledee That is one freaky movie. I like &quot;I got life&quot; 
negative,i want a guy like carmello or jimmy 
positive,i wonder how long i can stay up until i pass out and wake up again at 6 
negative,still waiting and missing my baby boy! 
negative,ah..I hate flu..now its third day. guess what happened accidently I shaved my eye brows off. I need glasses 
positive,@markegli &amp; @kariegli the dinner menu this week is something pasta-y (we have cheese?) and also chicken noodle soup. 
neutral,@ManwitPURPOSE50 what are you doing now on #twitter????
negative,Too much traffic on the A2  Can't wait till all 10 lanes are ready ... 2010?
neutral,#Microsoft #Cloud Getting Started with Microsoft's Windows Azure Cloud: The Lay of ...: Good tools integrat... http://t.co/2luPCfho #TCN
positive,yay finally  lmao
positive,really hungry...so i grabbed some ice cream from the freeze. 
neutral,"RT @Grazitti: #Twitter to Reformat All URLs With T.co	http://t.co/jnmnbs9W"
negative,i had a extravagant yet time conserving plan lined up for today.......which ive now forgotten 
positive,Bad day today just bad but loved seeing sancha again 
negative,owww.... just hit my elbow really hard on a door 
neutral,"Hey I'm doing this, at this place, around this time (you should come). #Twitter"
neutral,Goodnight #twitter see you in the morning for another #successful day!
neutral,RT @nataliajones: Use #Twitter to generate traffic to your website http://t.co/72YmN3kD
positive,@deon - &quot;source shine2&quot;? hahahaha... istilah yang aneh 
positive,"@Skiddybabyyy baha. leave it to them to start a fight ,, grr, oh well atleast it makes for amazing entertainment "
negative,"@Cuckolds I'm being set up again except now I'll have to watch her with 2 huge membered guys, I feel like a hat stand "
negative,"How sad, I did not know Andy Hallet died  http://tinyurl.com/dhq7xv"
neutral,i aint did shit on #twitter untill every girl of #http://t.co/STr7gO6W following me #goalset lol
neutral,@95hm You can directly share your #Facebook photos on #Twitter with http://t.co/wYD5RnxN
negative,i dont understand.  i didnt mean to break anyones heart. 
neutral,What's good #twitter
neutral,RT @JOMANERH: My #twitter age is 234 days 13 hours 41 minutes 16 seconds. Find out yours at http://t.co/MT0VAJwd #twittertime
positive,If you are at #Paragon please vote my work!  LOL
negative,just finished cooking spag bol from scratch.. in other words been cooking for the past 4 hours! i'm not hungry anymore 
negative,ha ha ha   damn i had  such  good  time chillin wit  my  favorite hizzo  danced my face off @ the lodge never made it to backbooth  ..
positive,oh oh found some clothes!!  And i love em xD
neutral,"#Microsoft CEO #Steve_Ballmer on Not Buying #Yahoo: â€œSometimes, Youâ€™re Luckyâ€ http://t.co/YgISO7xt"
neutral,@DJ_Nasty16 I know. You my only compo. #we be #reppin #twitter
negative,first: UNC DOMINATED!!!!!!!!!!!!!!. second: the hills is back (hallelujah). third: econ paper? gaussian copula is def. NOT that deal 
negative,"@eri74 Goodmorning!  hahaha, let me guess .... CB? hahaha me not "
positive,For everyones clarification I am not on the run from the law or anything I am just having a few quiet months trying not to go out 
neutral,"37 Ways to Use #Twitter for Business	http://t.co/HGhMpoSE"
positive,"@Kelly_N_Va I got your tweets!  Sorry, I was distracted by two heavenly bodies.  "
negative,"@markress understand that, we are all busy. I can only tweet after work. "
neutral,#Microsoft shows 'touch screen' for any surface | Nanotech - The Circuits Blog - CNET News http://t.co/qwhoCf5T via @cnet
negative,@anyshalyke oh you went clubbing without me   lol next time we can do it together
negative,im so confused  This SUCKS!!!!!
positive,@sydney_holidays Thanks for those 
negative,@Schofe not off the side of the bridge I hope? 
negative,thinks factorial designs are going to be the death of my test &quot;A&quot;.  Who comes up with this confusing &quot;mathy&quot; stuff?  Ugh 
negative,Sleepin. @skankityspence halo tonight before you leave 
neutral,Shout ou to all my followers! #TWitTER
neutral,Ballmer Feels Lucky Microsoft Didn't Buy Yahoo in 2008 http://t.co/MK8pv0TN #gdapps #ballmer #microsoft #yahoo
positive,Went to Calgary with some of the lads (Gaspar had to sit in the boot  ) to watch the Flames versus LA Kings. Calgary won 4-1. Nice night.
positive,@TerriCook I have the same problem here .... but with rabbits   #blib
neutral,"RT @SomalyMam: You follow me on #twitter, Like my #Foundation on #facebook http://t.co/3kGgPh7z! Together we can stop #humantrafficking"
neutral,RT @InternetBH: #Microsoft shows 'touch screen' for any surface microsoft
positive,@dustyedwards Of course! Have a good one! 
positive,There's always something good happening in our lives. We just have to open our eyes and take time to realize... 
negative,going to watch julian play bball. i want phoebe 
negative,Airlie is  sick   and now Mason is sick Too. He is going to miss his school disco 
positive,BeiiNg NaUgHtY 
neutral,"RT @MinisterOnline: its ok to put up bible verses & encouraging post about God on #Twitter, but make sure you stand by your words, cause ..."
neutral,AHHHH!!!!! FUCK IT!!! Goodnight!! twitter
neutral,#Intervate wins content management partner of the year 2011. #Microsoft #techedafrica
positive,@pfspleen I'm good! Had some very strange dreams last night but hey dreamin' means i'm sleepin'  How's you this morning?
neutral,"Caramba, a mais de 4 dias ninguem fala em mim ou de mim aki no #twitter. Nem mesmo minha noiva. #Fuieskecido..."
neutral,#microsoft #3Q (or 1Q12) #conferencecall 10/20/11 http://t.co/zm9Dye63
neutral,#Twitter Buzz Builds for the #Occupy_Wall_Street Movement [CHARTS] http://t.co/gHCez2Yk
negative,Has a huge headache but gotta go to work 
negative,off to town. forgot to charge my phone so don't think it will last all day 
neutral,Everything Can Be A Digital ... http://t.co/fG0wfyWl #microsoft #carnegiemellon
negative,@cardinaire ya me too 
positive,@janicerose brody my friend 
positive,@rachhiiee_ im sorry im not a neetball deeeeb.   nah jennys mine  she talks to me on facebook.
negative,Really let down by gossip girl...it's all I have to make my Mondays good and all they give are reruns... 
positive,Budget: A method for going broke methodically.    #1liners
negative,Good morning... I wish the weather was as good as in Germany today 
positive,@viaHourt ahhh i see i see.  im in bed watching ugly betty  lol
positive,@KittyBuffieKat  I havent but since you turned me on to it..I will  all of them! http://bit.ly/dRsN8
negative,is extremely hungry 
neutral,"Congrats to the 5 big #winners of the ""Get certified-Get happy"" #Sweepstakes!  EZ log-in&gt;Contests&gt;Winners:  http://t.co/396AtoHF #Microsoft"
neutral,RT @igorlilmonster: My #twitter age is 2 years 153 days 5 hours 6 minutes 25 seconds. Find out yours at http://t.co/NjTHu7tM #twittertime
neutral,New Microsoft Security Essentials v2.1 Released with updated Antimalware Engine http://t.co/2etgYjEZ #Microsoft #SecurityEssentials #Windows
neutral,"Infosys, has tied up with Microsoft to provide cloud-based offerings to clients... http://t.co/zwqwpdQ4 #cloud #infosys #microsoft #technews"
positive,Monsters Vs Aliens in 3D was fantastic ... Ginormica is my new favourite superhero 
negative,I can't sleep.  It's too windy and scary out.
neutral,#Twitter how do you know that I think that @SofiaVergara is the funniest member of the #ModernFamily cast?!
positive,@davekim volunteer for the hunch beta invite... 
positive,"@AnnekaF Haha, I'm not that silly I'd need another job first. Got more plans into motion for moving overseas now anyhow "
negative,@geoffmartinez youre going to be in mexico on easter?  why?
positive,God is a faithful God...i said promising and promising it was. Time for bed...so tomorrow may bring another beautiful day  goodnight luvs.
neutral,@mdhughes I have the strangest feeling we've done this exact thing before. #arial #microsoft
neutral,@alexbabb9 Alexthe_ASSholeBabb should be your new #Twitter name
neutral,"@MrRobinson hard for"" balms ""to get excited over Android phones"" because #Microsoft isn't collecting enough royalties yet. #isaidit"
neutral,Testing Windows 8 Developer Preview #microsoft
neutral,Shout out to all the single mothers on #Twitter
neutral,"Let's be honest #twitter, nothing's #trending en #espaÃ±ol."
positive,@saratoga  thanks for the LP endorsement 
positive,"Friend just asked me to be his Best Man. Guess that means a trip to Twin Falls, ID next year  What are the responsibilities of a Best Man?"
neutral,RT @technabob: Using a #Touchscreen Through Your Pocket Made Possible by #Microsoft #PocketTouch: Have youâ€¦ http://t.co/PJpFeyTF
neutral,Did a couple of changes..#Twitter
positive,heyy loves!! just finished my record in the studio!! going to kick it with lauren c.!!  byee!! &lt;3
positive,@TissieTC I agree with you!.. @nick_carter doesnt love us as much as @brian_littrell does  ? cuz he comes and visit us at fanclub chat!
positive,"watching hairspray, as normal :3 I updated my myspace btw, check it out  [check it lauren ;) lmao]"
negative,Note to you all: don't go to the choclate bar @ schiphol!! it is passengers only 
neutral,"""@socialfans: Top Twitter Related Sites http://t.co/JoDmoruF #design"" #twitter"
positive,I now have painting clothes!   
positive,@dhollings Your TwitterTips bar runs like a dream on FF 3.0.8 
positive,@_writersblock_  me too. thought I was going to bed but had to reply to jon &amp; donnie 
positive,@AK_NG you are not insane your husband tho not to sure 
positive,"@JonathanRKnight HOWEVER, I'm NOT turning status updates on 4 u becuz I have insomnia &amp; u'll just wake me up. Only D is allowed 2 do that "
negative,They don't get hyphy on the east coast  ...even to E40
positive,@fourzoas Good night! 
positive,@chasepino I wish I was as cool as you.. 
negative,tooo early. im running late. 
positive,Watching Keith Olbermann(late late rerun) then it's on to The Daily Show which is having Michael J. Fox on as guest. My high school crush 
neutral,"Everything Can Be A Digital Surface Now, Courtesy Microsoft, Carnegie Mellon http://t.co/6S7pKbjI #microsoft #carnegiemellon"
neutral,#SteveBallmer just called me a Computer Scientist :) http://t.co/u1zmU9Ih #Microsoft #Android
negative,"@FoxWhisperer clean, but it resulted in the soft top beaing soaked wet, so I couldn,t open it  should be dry now"
neutral,"Personally,i dont have time for that and dont really care about what everyone in the world on #facebook and #twitter care about how i look."
positive,@JonathanRKnight Yay...Jon is an activist too!  Wooho...
positive,"@javajive humm, the iStore had alot of similiar reqs. Maybe you should head their way "
neutral,@STARANDDRAMA & JAMMERS302 BE #KILLIN #TWITTER #FOLLOW US
positive, aww dont make me blush!
negative,"@30SECONDSTOMARS: Thank's for your prayers, these days are very difficults "
positive,Now we just need to get Yvonne a blackberry and a twitter account 
positive,"@CuttaC @cocoandbreezy @zillaman @DatBoiBabyC @WRECKAMIC @ and everyone on here reppin Texas and Dallas, Mad Love &lt;3 Good nite y'all "
neutral,My #twitter age is 1 year 325 days 10 hours 18 minutes 7 seconds. Find out yours at http://t.co/0zAtZhKP #twittertime
neutral,@PuraGenteBienAv me podrian dar el #face o #twitter del chavito qe siempre traee lentess transparentes le dicn #chicken little x fiiss :)
negative,needs to study for quant and do legal process assessment for 2moro 
neutral,"#Microsoft discontinued product named #ENSEMBLE STUDIOS on October 14, 2011. Review and comment: http://t.co/eJ8a2Msm"
neutral,"RT @NeowinFeed: Rumor: New screen sizes, specs coming to Windows Phones #windowsphone #microsoft http://t.co/Ja9sEesh #neowin"
neutral,"I didnt know there wad a test..RT ""@DashBurst: Downloadable #Twitter Cheat Sheet - http://t.co/bHXpqYo5"""
positive,@chocolate_dip lol i wasnt complaining just making sure @yoeyfreshier wasnt getting off before me but @tivon cleared that up 
positive,"@mileycyrus Juz watchin' 3 eps. of your show HM, I must say I instantly became a fan of urs! ;D Lovin' ur humor so mucho! More power 2 u! "
positive,"@CartBozman don't you worry matey, I'm still around, just trying to juggle podcasting, life, and my Internet life "
negative,"found my Sana...and has realized, that just like a white girl, I eat my problems "
positive,"@honey_honeybun Aw, thanks...let's hope so! I am more worried about Geoff's teeth! Hope you are having a good day, H or HB. "
negative,@shresthayash  ouch I can just imagine a toothpic in the eye or something 
positive,@marjorayy so then you should blogspot about it  haha
negative,just burnt my fingers on a hot cup of tea - ouch!!! 
negative,"Why is it that I have 46 followers, none of whom acknowledge me? "
negative,No way I'm gonna sleep tonight 
negative,is going to school to do dt 
positive,"@ummahfilms bro update your twitter link at youtube, its twitter.com not tweeter.com "
neutral,Wow jus made a #TWITTER i reallly dnt kno how o2 use it so i neea alittle help
positive,@brainstormprick broke ya record and i got 2 witness it  yaaaay!
negative,my facebook is Fucked. 
positive,Is making bad decisions 
positive,@JonathanRKnight There is no way on earth that you can answer everyone  Will you ask Donnie if he got the gift from my 9 yr old lastnight?
positive,just signed in 
positive,@row_13 www.Raideil.com has great hosting. I don't know about domain but you should check them out. 
negative,Our trip has been canceled. See the latest blog post for info  http://kiwinova.blogspot.com/
neutral,WHTS GOIN ON #TWITTER FAM
neutral,RT @Free_Nuttball #fuckyoumean #Pittsburgh don't got the best #twitter.
positive,I'm getting ready to drink tea.. Emma's gonna eat some Rice meal. 
negative,Boo another day at work  but only 3 to go then 3 days off ; )
positive,@Kjonge GEFELICIDINGEST!!! 
neutral,It's #real when you tell ur man how ur gfs roasted your ex on #twitter and he's like good job babe lol
positive,@BkBap Ahhh sound advice. 
positive,@Tammi_LA Miss you! When are you free this week??  Can we do Yuri or something?
neutral,"Lmao. RT @MissAyunnaaa Well that's my que, bye #Twitter , #oomf finna start quotin lines from #ATL lol"
positive,"Holy he'll, just had an epic Aporto burger with epic amounts of chilli sauce "
neutral,@cloudnewsindia New Version of #Cloud InTune is Available: Posted on #Windows 7 News...#Microsoft has just released..http://bit.ly/pY0hlZ
neutral,"I think I'm addicted to checking my #email, #twitter and #facebook"
negative,"OMG my girl just woke me up, reason doesnt matter &amp; now I cant fall back to sleep  Gotta b up at 5 so maybe I'll just stay up. **sigh**"
positive,@MrsP_ifurnastee rowr! you bet!  and @cartermorrison is going to bed..but I'm sure she would want to be included as well  LMAO
positive,@zeet75 Hahaha. ) I'm taking HRIM.  So I think it's only basic math. 
positive,@i_reporter answer sent in dm. try it 
positive,"@KourtneyKardash i hate morn workouts bc i love to sleep late  ha have fun in mexico! love the show, is the trip gonna air on keeping up?"
neutral,SeNews : Microsoft extends revenue guarantees to Yahoo #Yahoo #Microsoft : http://t.co/bR3MHHVg
neutral,RT @JennyOrWuuut: I wishh #twitter would tell me who retweets my stuff.
positive,@tipsen5537 i should've clarified...why can't everything just work *for me* 
neutral,Need to study vocabb :/ twitter
positive,@Brajeshwar Wow that's something unique. I wonder how they trace &quot;our&quot; roots 
positive,@ninjaguitarsex I'm pretty sure the show part is just for before the show. Then it's like Twitter for the whole NIN fan community. 
negative,Started getting mailshots aimed at pensioners - it's all downhill now 
positive,Watching Paranormal State.Pretty interesting 
neutral,"need #facebook fans, #twitter followers and #youtube views by nvida2: i needâ€¦ http://t.co/tK6IHH2B #freelance #job"
neutral,@StaceHendrix Pls let us know if you need help w/ music marketing promo. We got #Twitter & #Youtube on lock. http://t.co/EWFffl35
positive,@Tiandrance 
neutral,RT @smart__reMarks RT @Its_kcheese: some stuff you only find on #TWITTER lolz &lt;---- LMAO
negative,@DeiondraSanders I'm always up late. I wish I was a morning person but I'm not 
negative,is back at work...Although I wish I was back in bed... 
negative,"has to return the shirt she bought from Topshop bc she has $50 in her bank account that has to last her the rest of the month, life sucks "
neutral,#MIcrosoft Launches Reseller RewardHub for Resllers http://t.co/scPUl9Yz
positive,"@alix_says, it's just like school except there's even more homework and everyone's a lot nicer (normally) "
positive,@dj_bubble ur welcome  ...yes I have 'Accounting' Exam today
positive,vote for @xxStephy http://www.tripcentral.ca/PHP/funny/index.php?action=playVideo&amp;videoID=89 !  yayyy
neutral,"Out of #curiosity, #doesanyoneknow if it's against the #Twitter #TOS to use #hashtags so #eggregiously as I seem to be doing #tonight?"
positive,"I'm too much of a twitter lurk to use this. I will anyway, though. "
negative,@mileycyrus I would too if it meant spending a day in heaven w/my mom and getting to see her again. 
positive,"@OkieAnnie It's never too late!  Thanks! It was hard, so hard, to concentrate on taking screencaps"
positive,God sho love him some me  feeling really really blessed tonight++++++
neutral,thinking thinking thinking thinking #dotnet #asp #microsoft
negative,@innocentdrinks COKE!? 20% minority stake? Really? Not April Fool? Can you give it back? So depressing. You were a favourite brand. Sad 
neutral,#twitter/off
negative,Won't be tweeting much tonight   Maybe all tweets will come out in form of Tweet vomit later at about 1 in the morning.
neutral,New innotive IT program coming to #Dubai featuring @comptia and #Microsoft qualifications http://t.co/a6fLlkgE RT please
positive,@apleaforaaron i could really eat some cheese  i have a hankering for some austrian smoked cheese. YUM!
positive,standing in the richardson office changing a backup tape... I'm such a work-a-holic! 
neutral,OmniTouch from #Microsoft makes every surface a #Touchscreen | #gadgets http://t.co/sSUrPnve
negative,@arielehenriques Why do I feel like your preaching to me? lol damn I'm guilty 
negative,I have a cold  buee
neutral,I hate when my phne do what it want on #twitter
negative,I cried when I heard the girl from Tracy was found today. It was soooo sad   May god bless Sandra Cantu.
positive,"...so i just ordered my copy of Hardcore Underground 3  love me, love me! Canary in skinny jeans going balls deep."
negative,at wye river.. It's really cold! This internet is really expensive 
negative,Michael Crichton 
positive,I think im in love 
negative,"My forehead is starting to feel like someone has cut a slice out of it. Oh, that's right, someone cut a slice out of my forehead today "
negative,wow my x60s is dead 
neutral,People aren't the same as they wanna be perceived on #twitter...Please believe I'm that crazy bitch at work who slaps everyones ass in line
negative,Wishing I could sneak in to watch the Star Trek premiere 
negative,"@MadNinjaCurl hey neighbor, neither can I "
positive,@JoeandJesse awesome!!! see you there!! 
neutral,Beware phone #scam calls pretending to be #Microsoft who claim your machine has a #virus - http://t.co/5F2p4XcB
positive,Watching Seven Pounds with my mom. I hope i dont fall asleep. AfterMidnightProject TOMORROW! 
neutral,#Twitter it's been a pleasure but I have to go exercise and eat dinner! Possibly be back b4 I sleep? We'll c! I am #BLESSED & we all are! =)
positive,Yay tomorrow i get to do today all over again! 
neutral,@karth_vader_ when did you change your nick again? I no longer see any of your tweets on my timeline. Anything wrong with #twitter?
negative,"@m0nkfish Eww. Hershys kisses are ok, but not amazing "
negative,Woken up by someone hammering &gt;&lt; they have stopped now and I can't get back to sleep 
positive,nodame cantabile is &lt;3. I think I'm falling in love with classical music. 
positive,listening to dashboard &quot;ghost of a good thing&quot; mannn definitely takes me down memory lane  good night kids
neutral,I don't see the point of following a news station on #twitter if there's breaking news people are gunna tweet about it anyway #obvs
neutral,#Ballmer On Not Buying #Yahoo: â€œSometimes Youâ€™reÂ Luckyâ€ via @techcrunch http://t.co/MrjkOXnO #Microsoft
positive,"@Vonster good point, 2 draw  2 don't  nice quote though. I like that."
negative,"I NEVER THOUGHT THAT I COULD  HATE SOMBODY, BUT I REALLY HATE YOU ï¿½TOBE D....ï¿½, I ONLY GAVE YOU ALL OF MY LOVE AND YOU  PAY ME SO BAD! "
neutral,#Twitter FDP
positive,Some amazing news for 5yac!! Im so stoked follow me to see what comes next  be ready
neutral,RT @TCMagazine: Microsoft talks about the Start menu search in Windows 8 http://t.co/P8Go0gkS #microsoft #search #start #windows8
neutral,My #twitter age is 2 years 160 days 2 hours 28 minutes 32 seconds. Find out yours at http://t.co/3YI2oDVK #twittertime
negative,Should really go to sleep so i can get up early tomorrow (well today now) 
negative,Twitter woke me up 
negative,@imperiusrex Brahbrah. Ugh. Bed in a hour. 
positive,@Twinnadryl lol freak session wit ya wifey eh? hah 
positive,@sarahmorrmorr having a marathon now!!!!! 
negative,@GillianMe Yeah he was 
neutral,Wishing I can sleep all day 2morrow but I got practice... GN #Twitter
positive,Had a good time at Eat n Park drinking a latte and playing Munchkin Impossible with @Chriswolfe2007. 
neutral,That shit lame trynna fuck with somebody through a DM on #twitter thoo  ?
negative,Is physically tired but can't sleep 
negative,Allergies playin up like mad today 
neutral,SeNews : Ballmer on not buying Yahoo: 'Sometimes you're lucky' #Microsoft #Yahoo : http://t.co/E0kvSTj4
positive,@rachhiiee_ jenny knows i love er. 
neutral,Windows Phone Tango and Apollo rumors suggest new screen specs http://t.co/8X30jQAH #microsoft #windows
negative,Area nightclub making ï¿½8 out of the bewilldered uni students who have arrived home. while the poor folk like me have to struggle on 
neutral,#Microsoft #Wireless #Keyboard 3000 Review http://t.co/C4GOy04V #wirelesskeyboardandmouse #mousecombos
neutral,RT @J_Roc616: She lovin #JohnnyVegas!! But no #Twitter
positive,watching &quot;The Princess Bride&quot; I want a Wesley!!! 
negative,@xjerx she's at the Ritz LOL but been there before and it's ok for a gig! Not got any more planned  what about you?
negative,these guys who is Bill Gates's associates makes me feel like I know nothing!!! I don't even know my name now 
positive,@staceysoleil  yep..lol  I was bored... Edward is hunting with the guys..
neutral,#Twitter-on-
neutral,#microsoft #edu UD School Board seats up for grabs - Delaware County Daily Times http://t.co/YCXCo5kK
neutral,#Microsoft Windows Server 2008 R2 Enterprise OEM #preisvergleich http://t.co/0jWsfMQn Bewertung softline24 #test #Microsoft
positive,@hanlly That was a cool blink song. 
neutral,I think @SchwastySmack needs to cool her roll on her #twitter game.
neutral,GOODNITEE #TWITTER!!!
negative,i have to butting poop again 
neutral,Put your twitter on autopilot and let it gain followers for you!! http://t.co/hze1TqAl #TeamFollowBack #Twitter #autopilot #1000aday 18
positive,@danielc Sorry it wasn't Wrath of Khan.  But we made do. 
positive,@missrogue I'll by drinks for anybody that can pull off Boy Named Sue by Johnnie Cash 
neutral,Watch short video on #Microsoft #Lync End User Adoption. A practical solution for users http://t.co/Qpk5DHEn #ITPro #UCOMS #OCS #WhyMSFT
positive,"@Laura_McAuliffe errrrr oops, i could possibly me mistaken  i didnt know any Aussies follwed me lol."
neutral,"#HEUTE - #Microsoft #Office #2010 Home & Student Product Key Card [1 User] - statt 149â‚¬ nur 89,99â‚¬ - http://t.co/3QXy2Zo4"
negative,"@polaroidskyline that sounds fair horrible.  i was going to repeat myself, but i guess the text I just sent you would do it better. whee."
neutral,got my blade for these #twitter streets third shift
positive,@noarmsjames my lovely man is cooking me dinner and then we're going for a walk 
neutral,i want him to make a #Twitter
negative,@SCC_Skwerl Aww how depressing! 
neutral,"RT @SomalyMam: You follow me on #twitter, Like my #Foundation on #facebook http://t.co/A1zgaK5l! Together we can stop #humantrafficking"
positive,@corinmcblide oh ok then i am gonna go and buy one for when i come up there 
negative,all the photos i try to upload are too big 
negative,Sleepy head.. chances of actually sleeping? Slim to FUCKING NONE! 
positive,"almost late for work had ten minutes to get ready, the lack of sleep had it's consequences. factory on friday. beachbar on sunday "
neutral,bout to pull up... he see me on #twitter his ass gone flip
neutral,#Twitter Im coming home Im coming home tell the world that Im coming home lls
neutral,My #twitter age is 1 year 19 days 13 hours 37 minutes 17 seconds. Find out yours at http://t.co/XhRUA9Dz #twittertime
positive,"@therealnph Hey NPH, whats up with all the strippers you're following? "
negative,@Linda_James Im not a morning person! Never have been  prefer the night!
negative,"@TexasVegetarian Oh, God, ow.  That must have hurt like a bitch.  "
positive,GuiPulp is open 
positive,@DolfinFan  Our picnic will be fabulous!
negative,@HoptonHouseBnB I'm thinking of getting my old FM tuner from the garage as I'm having problems when my PC just stops playing audio 
neutral,â˜¼ #SOLAR â˜º @RhondaParsons â˜¼ @SOLar_sister ( A simpLe @ #symboL and AN #underscore ) This is #twitter WHERE WE #twEEt â˜¼
neutral,"Progress is a Process , Surprised to see a sensible topic trending worldwide in #twitter"
negative,Chi?u nay h?p chu?n b? t? ch?c m?y s? ki?n ? tr??ng ! Bao nhiï¿½u vi?c 
neutral,Vincent Mugambi #Microsoft takes us through #WP app
negative,I need to go out but I am so lazy. 
positive,@jcrillz so's the real Common these days... 
neutral,#Patent Wars: #Google vs. #Samsung vs. #Apple vs. #Motorola vs. #Microsoft vs. #Oracle -  http://t.co/PjxURwrp
positive,aaaaahhhh.... finally done. next stop zippy's. 
negative,http://community.livejournal.com/ohnotheydidnt/33907252.html How freakin cool is that? Why doesnt shit like that happen to me? 
negative,Gooood mooorning world. I had a dream last night I fucked my knee again  Def need to kick start my strengthening ready for Bournemouth 7s!
positive,Training course today so just hope to stay awake through it 
neutral,"I just installed the new Twidroyd for #Twitter on my #Android Phone - It's #Free, give it a try. http://t.co/dN3qwkkb"
positive,@StacieLane  How are you? Was good seeing you @ Lip Service last week!
positive,Working on the new Cricket game for the i-phone...you guys will like it i am sure  http://www.youtube.com/watch?v=771uKX4zhZQ
negative,"@Linda_James Thank you!! I spent ages on Thursday tidying up, then along came everyone and it looked like a right tip again "
negative,@babybazooka i do too...but it's hard 
positive,@JonathanRKnight Maybe Jordan could help you answer a few? Just an idea.. 
positive,"@KnightOwl89 Sounds good,  I wish i could have done it but I'm determined to find them in the park. They better be in there!"
neutral,#twitter; for those statuses you'd never post on #facebook
positive,Week 2 of the fitness challenge and I'm starting off strong.  Just submitted my stats for the night and it ain't bad 
positive,@DontaStorey Boy stop Pssh!  What you been up to?
negative,@Jennchambless me neither and nobody is awake... NOBODY. I'm drunk and alone 
neutral,"RT @aDUBatSDUB: #facebook, #Twitter , #spongebob, #nirvana. Great way to spend the night. :D"
positive,Mucho research to do today if I want to crack on with 2nd sweet charity auction fic - and I really really do 
neutral,woke  up  dis  morning  so  i'm  stil  alive #twitter
negative,@JesMayhemWA Still trying to sell the prelude? 
neutral,on oovoo with @_LoveIsThe_Ki dumb ass #excuseme #twitter
positive,Hamu is on my tour tm!!!! I'm excited 
positive,@ddlovato Bill Beckett And lovato are homies who knew! 
neutral,Well I'm kinda really #bored right now.... time to waste some time reading #quotes on #twitter
neutral,... and we were just told what a #microsoft minute is: it is 95 sconds + 1 second which is from 1 to 10 minutes. :)
positive,"@Matt8U me too. :] maybe i'll see you there? i mean, its not like there are going to be thousands of people anyways. ha. so stoked. "
positive,@ty_fed u asked earlier about waking up....guess what...waking up at 3 am is bullshittery too! Past bedtime night guys! 
neutral,@IDGAFBoutYou llssss.yea I kno.lol.I ain't been fuckin wit dis joint.I guess #twitter missed me tho huh.slsss.lol
positive,is home. Hmmm how lovely to be in 85 degree weather. 
positive,Today was so great.  My roommate and I played some soccer and I also got a nice run in on this sunny day  Time for some reading and sleep.
negative,just got a denied letter from bazaar bizarre. sad. i was looking forward to a road trip to be a vendor there 
neutral,RT @extremejohn Stuck on Facebook? Iâ€™m so sorry.  http://t.co/JcJBfZ8W #Twitter #Google  #Facebook
negative,sick today  and i have a lot to do at work 
positive,@stanleytang I agree it is much more productive without Twitter 
negative,@jmielcarz send some of that warmness my way.... it's cold 
neutral,RT @AHennessyWorld: #Twitter I apologize 4 being out of line regardless what sum1 does  I promise 2 remain humble keep it from public ey ...
positive,@coryBasil Hurry up and be the first person to publish a book of twitters! 
neutral,"RT @mattimooz: I'm at #microsoft and been served #cake for lunch, ok not just cake but its definitely involved. You live a good life @bennuk"
positive,@jlsbby http://twitpic.com/2y0fo - cutest dog ever  what's his name?
negative,has a cold from playing outside yesterday 
positive,"Nooning The Wedding and Old Man Sharted and throwing moon pies as we venture to Macon, Georgia "
negative,I need some selsun blue...pretty sure i have a small spot of haole rot 
negative,gosh it`t 9:39 am and i am soooo tired &quot;yawn&quot; i want to go back to sleep but i can`t 
negative,Almost finished with new moon.... If I didn't have to work tomorrow I would totally finish it tonight! Geez... 
neutral,Get your #Twitter #marketing #campaigns built by an #SEO expert: http://t.co/7FttDde4
positive,@JonathanRKnight Hello there Jonathan! I didn't know you tweet.  Have a good nite
negative,"Where the magic happens every month LOL Sophia did a terrific job, as usual! What am I gonna have for dinner?  http://twitpic.com/2y5bz"
positive,"@hertbeat it is still only 1st coffee of the day for me ! Happy Tuesday, off to see Jeff Dunham and Achmed the dead terrorist tonight ! "
neutral,#Teamfollowback #Microsoft investigating Windows Phone Mango Zune freezing problems
negative,"@brightillusions  only one to fill that position. They've just tightened our borders or something  Which sucks, I want you to move here!"
negative,is thinking he's going to have to reinstall WoW as it simply refuses to update to 3.1.0  irritating times  It'll take forever 
neutral,Bedtime good night #twitter #goodnightworld
negative,Someone needs to give this baby a home!!! I would but it's a bit too soon  http://tinyurl.com/dzbppd
neutral,#LOVATICS! Wanna be in a fan book for @ddlovato let me know and ill send wat needs2b in it via #twitter
neutral,RT @TeachHub 50 Ways to Use #Twitter in the Classroom http://t.co/lJiN0See #education #ntchat
neutral,RT @jeffbullas: What Is A #Facebook â€œLikeâ€ Worth For Your Business? http://t.co/BsT25W2u #SMM #SocialMedia #Twitter
neutral,This #TT  was well needed cuz I thought #Twitter was dien.
positive,Is hella excited cuz the Italian is here 
positive,@DonnieWahlberg I can tell u have spoken. FB &amp; Twitter are on Fire right now!!  Hope ur feelin better love.  have a great night...
neutral,RT......zZzZzZzZzZzZzZzZzZzZ...... #Twitter off
negative,and so the editing of 3000 wedding shots begins 
negative,Ate a piece of angel food cake and another Laffy Taffy 
negative,@mileycyrus I guess counting sheep didn't work  Hope you get some sleep!
negative,"Dad was admitted to hospital yesterday, so want to fly to Cape Town to visit... R1900 for monday return ticket on #Kulula "
neutral,"#Microsoft CEO Steve Ballmer on Not Buying #Yahoo: â€œSometimes, Youâ€™re Luckyâ€ http://t.co/RI8HUaLD #uncategorized"
neutral,Just walked in the door of the #Microsoft #kenyaopendoor conference...
neutral,Put your twitter on autopilot and let it gain followers for you!! http://t.co/hze1TqAl #TeamFollowBack #Twitter #autopilot #1000aday 25
positive,can't wait for ball season to start in 3 weeks!  Getting my ball equipment home this week 
positive,Back from school. NO MORE SCHOOL FOR TWO WEEKS 
positive,"@mozunk you can do that. just go hover over the tweet in the favorites, then tweet, then favorite. it will unfavorite it. "
negative,"@jeffsmithcars Why would you want to send traffic to that page?  At the bottom, you say you're not done  "
neutral,#Retweet #RT #BabyMamaDrama #BabyDaddyDrama #Twitter #S/O to everyone who read my blog www.cpc504.blogspot.com
neutral,If u say u 100% REAL all the time...KILL YOURSELF ASAP!..Everybody have their fake moments so don't Front for #Twitter -----_________-------
neutral,He Like Kissing The Little Pink Puss Lls #Twitter This After Dark
neutral,Bout to tweet about tweeting #twitter #Seahawkswag
negative,#mhbigcatch 8oz Golem  But finally got a Wight - 3oz
negative,Stupid m&amp;ms make my stomach hurt 
negative,"ordered a pita...it NEVR came! why they say the fax machine broke and the driver left, what about my empty BELLY "
positive,@TheAshBall 
positive,zombies can be cute... in cupcake form... on a necklace   http://tinyurl.com/djbec4
positive,"Tune Hotels, has opened bookings for brand new rooms in its upcoming new hotels in Kuching. "
neutral,"Off to sleeep , #goodnight #twitter"
positive,will eat lunch  http://plurk.com/p/mztfi
negative,Blimmin' heck i'm slightly tired! And i still didn't see no Otalia 
neutral,RT @Str8Talk123: Need to step my #twitter game! Where is #teamfollowback #miami #ff  @JAYSCANDRETH  @WhatupHOE1211
positive,cheeck thiss hand cuz im marvelous ;) boy.. idk hoow im gona make it threw this weeeek 
neutral,"So what #twitter needs is a ""save tweet"" text function. So I could ""st @xyz 5"" to save the 5th most recent msg on twitter site to read later"
positive,@DaveB41 can you help? 
negative,all these crazy pollen trees in Washington state are making my sinuses go crazy 
positive,@BeadieJay Thanks (twice).  Work start date put back again. Maybe Thursday. Maybe after Easter.
positive,"I wonder what jon thinks when he see's all his tweets, i picture him and jordan busting a nut laughing at us.  oh yeah.. jordan..."
neutral,RT @Hirudineajigane: #Twitter Thank you.Read those great tweets.helps live better! :) Bows. http://t.co/FNKBW24F
negative,On a diet.... Woke up 2day Hungry 
negative,"Looking at it, I seem to be getting a completely different config.. Finding shared hosting hard not having control "
neutral,"Rumor: New screen sizes, specs coming to Windows Phones #windowsphone #microsoft http://t.co/Ja9sEesh #neowin"
negative,I need a holiday  only one day off this year.
positive,So far kinda really liking Espresso over Dreamweaver. Handcoding html/css ftw 
neutral,#Twitter #Off'
neutral,RT @ShawnWildermuth: OMFG: http://t.co/Rit4WJq3 #gates #ballmer #nightAtTheRoxbury #microsoft
negative,"Loves what #drupal file framework module could do, but is sick of Bitcache errors making it impossible to upload files "
neutral,#microsoft â€˜People-Centricâ€™ Windows Phone 7.5 Update Released http://t.co/oImNAkVf
negative,happy birthday jaime. loveyou&lt;3.     ...officially screwed right now. midterm. quiz. 2 projects. and 300 page book. shoot me. please. 
neutral,Any surface touch http://t.co/ymNtCIKG #Microsoft #Technology
neutral,"This coming from a guy who is #Microsoft PC, Mug, pen, everything RT @GiuseppePietta: @1Ngare both fail phones.windows phone 7 to the rescue"
neutral,RT @InternetBH: Microsoft finalises Skype deal - IT Business - News & Features - http://t.co/F9b14RY3: http://t.co/275l0zay #skype #Micr ...
neutral,Put your twitter on autopilot and let it gain followers for you!! http://t.co/hze1TqAl #TeamFollowBack #Twitter #autopilot #1000aday 23
negative,"@LFTA So ur just gonna delete me like that...Y do I feel like &quot;Tom Cruise&quot; on Jerry Maguire when he got fired right now, yo.  LOL!"
negative,re newing my twitter 
neutral,I really dnt like to #follow people who never on #twitter
neutral,Sometimes I get so lost in #twitter that I end up living vicariously through other people #massconfusion
neutral,#Microsoft #SCVMM #2012- Session by @virtualfat - all u need to know about the new 2012 version. #e2evc Register http://t.co/eZBtVm9Z
neutral,Congratulations to Softline Pastel (@SageGroupZA) for winning #ISV of the Year at #Microsoft #partnersummit
neutral,"#HEUTE - #Microsoft #Office #2010 Home & Student Product Key Card [1 User] - statt 149â‚¬ nur 89,99â‚¬ - http://t.co/tdMFe0nI"
neutral,@Angelique_lique yooo my nigga i sooo blowed i forgot bout #twitter but im bkkkkkk
positive,"@comeagainjen if you dont, neither do i "
negative,On the train sans Guardian 
neutral,"RT @TweezardCom: #twitter Adam Levine Takes Aim at 'Evil' Fox News, Starts Twitter Spat http://t.co/qcYTszff #tweezard"
positive,@JonathanRKnight You are so right for saying that and good for you that you said it!!    Good Night!! xoxo
neutral,New post: Microsoft Windows 7 Home Premium http://t.co/FkruCQIs #Home #Microsoft #Premium
neutral,Big Data and the Cloud - More Hype or a Real Workload? http://t.co/WA0bP7Mx #azure #hpc #microsoft
neutral,#Microsoft Changes The Yet Known# Design of #Windows Eight http://t.co/EGa3wrr4
negative,@MizzChievouz am sorry to say but it is still in the air 
negative,woke up at 6am  far too early...more coffee then
negative,"@nick_carter Time for Warcraft yes, but for a simple game of a group of fans no  Just let us know if u figure it out, you want the prize?"
negative,"wow #epicfail on me. I did a search for epicfail and didn't see many entries but apparently, it's widely used. I'm depressed now "
positive,@kmacable...you're sweet...yea I'm ok! 
negative,Brain Hurty Squishy Mess 
negative,@pmelt the only bad thing about aids is you can only catch it once  Id want to inflict more pain on the deadshits of this world.
neutral,Follow your interests #twitter
neutral,U-Village store fits Microsoft consumer strategy http://t.co/OyGo65p1 #microsoft #Technology
positive,@Monkeymoo2  You probably neded it. thank God that you are O.K. have a Good Day across the pond 
positive,"@Chubbx Goooooood morning, Chubbx  how are you today?"
neutral,I love my #twitter name.
negative,@amyg0716 thats really sad  i wolud hate that! but i had choco milk earlier =D lol
neutral,"#Twitter honey i don't freaking know anymore &gt;&lt;"""
neutral,RT @CNBC: The World's 10 Most Tweeted Moments - Link to Story   http://t.co/iKZiM8i5  #Twitter
neutral,#Microsoft #Cloud Infosys kicks off its cloud drive with Microsoft partnership: Infosys has accelerated its... http://t.co/utU4mwjK #TCN
positive,Great to see you following us as well @mazda3rev 
negative,"@EIsie Mate that's rubbish  10pt hug. Tom covered in spots and obviously not happy, but Doc says it's nothing 'bad'. Tell that to Tom..."
positive,@yoavsegal Morning 
negative,@charp I was being all nerdy &amp; thinking they could help me with my Metropolitan Area Network 
negative,Done with homework. Sneezing  but feeling better! 28 days
neutral,the marijuana loud so the hoes follow like #Twitter
neutral,I want to be a #Twitter Cypher.
positive,"@Natlbug22 aww I'm sorry. Yeah, my work life is becoming... Intense... The sunshine is fabulous  missin you..."
neutral,"Microsoft CEO says company got ""lucky"" when Yahoo deal fell apart #microsoft #steveballmer http://t.co/8fxt1ef8 #microsoft"
neutral,@KylisInATL HEY! Get Back On #Twitter :-)
positive,#nightcard The Star: what a wonderful card for a new beginning both for you and Ankie 1.0  Welcome! 
positive,@DrMollieMarti Best of luck to you Dr and your new Rockstar sisters.  I know some women that are into MLM. I'll tell them about you. 
positive,100 followers - that is exciting 
neutral,@amaboura the entreprise version of #Microsoft #office365 is not available yet in #Algeria i guess
neutral,TODAY! Come along to #Microsoft Office & #ECDL Open Evening at #Pitman #Training #Cheltenham from 4pm to 7.30pm - http://t.co/fBoej2vd
neutral,"Microsoft CEO says company got ""lucky"" when Yahoo deal fell apart #microsoft #steveballmer http://t.co/l5uNInSW #neowin"
positive,@web20classroom Fabulous post about WordAhead!  And overall loved your blog.
positive,@legmar @linnix glad to see my household problems entertain you 
positive,"@korionmorris oh no problem  im good, awake, should be sleeping. haha. how about you?"
neutral,"@thiagozito #Twitter, #MsN, #Orkut #Facebook & o Principal #Musicaa Haah'"
neutral,"Now I that i know god exists, realisation dawns on me that, he hates me microsoft"
neutral,Follow me on #Twitter @CatchASet_ #TeamFollow &lt;3
neutral,Lls. && im actually tlkin about #twitter
positive,@arlenecd OH ISH!!! I WAS JUST KIDDING!!! WHERE IN CALI IS THIS @?!?!? 
neutral,#HP VirtualSystem for #Microsoft is the latest solution from HP & Microsoft. http://t.co/w8IXiboT #hpci
positive,Misses his nephew/godson. Come back to me Mr. Malachi. 
positive,@LaBelleMusik I got slumdog millionaire from my netflix today. yeaaaaaa 
neutral,#OmniTouch #Microsoft  http://t.co/qwk0YUrH via @youtube
negative,Even a four day week seems too long  I want to stay in bed!
neutral,Raza Abbas NumeroUno :: (RazaNumeroUno) : thanks for #following me on #Twitter! Happy Tweeting !!!
positive,Im going to JAY LENO!!! 
negative,@gmg2001 lol omg don't tempt me! I just started p90 2 hours ago. I need to at least be good for a day! shoulda asked me yesterday 
negative,My compassion to the people in italy! My mother is calling with our relatives in Italy right now  
neutral,Goodnight everyone #twitter off
positive,@deepbluesealove I was never an early morning person so I really didnt have anything to get over 
negative,"i dont want to go to school tomorrow for an exam, after having one and a half weeks off "
negative,@lindseyviloria about that... I am gonna be in mexico 
neutral,RT @Three_Leanin: RT @Free_Nuttball #fuckyoumean #Pittsburgh don't got the best #twitter.
negative,tired but cant sleep............. 
neutral,groupies follow me like #twitter.....lol jk
positive,T @BennyGreenberg Tools of the Road Warrior http://hub.tm/?KXJBQ Pretty Cool - Please Retweet 
negative,Woo for three pages down and seven to go...why in heck do I procrastinate!  Goal #1 for Grad School DO NOT WAIT!!!!!
negative,Somewhere in the world right now the sun is shining and people are busy...but not here 
neutral,"#Job #ICT System Administrator Windows: GSI Consultants, Zug http://t.co/96Vi7GIu #Microsoft #IT"
negative,I think im coming down with something. 
positive,My Chumby blasting 80's tunes....good times.  http://www.matthartley.com/chumby.html
positive,Fun sight: A biker got sandwiched bettwen two cars in high speed..Did he die?NO! he just stod up with his sigaret still firm in his moth! 
neutral,My #twitter age is 2 years 153 days 5 hours 6 minutes 25 seconds. Find out yours at http://t.co/NjTHu7tM #twittertime
neutral,Do real thugs have #twitter? #confusedbymytimeline
neutral,"#twitter Adam Levine Takes Aim at 'Evil' Fox News, Starts Twitter Spat http://t.co/dZmPhbut #tweezard"
neutral,RT @extremejohn Stuck on Facebook? Iâ€™m so sorry.  http://t.co/aGHbaQmn #Twitter #Google  #Facebook
neutral,RT @neon_ness: Yahoo Profit Drops 26 Per Cent! http://t.co/Jd3X8SGM #yahoo #microsoft
positive,Morning everyone! What a beautiful Day...Yay! 
neutral,@twitter  + @tumblr  = Drugs are severe. #twitter #tumblr
neutral,Put your twitter on autopilot and let it gain followers for you!! http://t.co/hze1TqAl #TeamFollowBack #Twitter #autopilot #1000aday 19
negative,I cant sleep. Missing the person I love most for the past 7yrs of my life. If only... 
positive,@Lucky_Kristin  do you need any cookies?  I can get you some.   #girlguidecookies
negative,@ChauV I has so many things to do 
positive,@littrellfans Its all good. Just figured you would like to know. 
negative,CURSE MY SLOW INTERNET. I miss YouTube 
negative,I'm going to put myself out of this misery and go to freakin bed.  Ugh 
positive,@FoamingBBQ I had to read it last semester.  By &quot;read&quot; I mean skim for keywords and read online outlines.   Got an A too 
neutral,Microsoft Stores giving away free Windows Phone devices with $499 spend #microsoft #wp7 #free #msftstore http://t.co/QbYUm2Ce
positive,@ariherzog Fun stuff!  Night Ari!  I'm sure blip will be there tomorrow! 
neutral,@ThatsRealTalkin I'm doing the Tallman #Twitter list for fun!! I just wanna see how many men 6'3 and up are on Twitter! It's just for fun :)
positive,@surfclubhit hope you had fun 
positive,@JonathanRKnight Don't let the bedbugs bite.   Sweet dreams.
positive,@emmajapan Congrats on being so quick for your double pass. Pls email your details to sales@fashionpalette.com.au to claim your tix. 
negative,talking to a boy  hating work though 
neutral,Man i love #Twitter!!
positive,@lockbox EC year is nicer and you can stay up til 2am only if you prefer 
negative,@THEcamacho danm I wanted to hear that studying sucks 
positive,"@socalgurl83 LOL nice, thanks for translating "
positive,@MerCleve go to sleep. I hope u pee on yourself in the middle of the night.  I'd hate to have to beat u on the golf course tomorrow. 
positive,"Nice, my contract was extended for another month "
positive,@KeepinUpWKris omg you are the best mom...your girls are blessed 
neutral,Follow your interests. #twitter
positive,@Honey3223  Honey goodnight I am up really early in the morning busy day will catch up with you later tomorrow 
neutral,"Well...#twitter Off,,,,"
negative,Early morning meetings 
neutral,RT @MahimaKurra: @CloudNewsIndia #Microsoft Announces #Open Source based #Cloud Service http://t.co/MtK3XZ2l
neutral,#Kinect -projector makes all surfaces touchscreen #ar #touch #microsoft #xbox360 #gaming #games  http://t.co/67CMvCki
neutral,RT @kalezo: we strongly recommend students that are following us to sign up for the #imaginecup 2012 contest! http://t.co/ytn5OHym #micr ...
positive,on facebook 
positive,"@paulfeig the internet blows my mind everyday, the way nothing else can! "
negative,Just woke up. Apples gig was ace last night. Seriously tired now. Work begins in one hour... 
neutral,#Teamfollowback Microsoft Q1 2012 earnings results due on Thursday #microsoft
positive,@DonnieWahlberg you make me smile 
neutral,RT @yaksys: My #twitter age is 1 year 243 days 22 hours 31 minutes 44 seconds. Find out yours at http://t.co/dniOkchP #twittertime
neutral,Twhistler makes Twitter sing!  #twitter http://t.co/wwNZ6dx6
neutral,#Microsoft #Cloud Getting Physical with Virtual Servers: Q. Is it important that Windows Server and Microso... http://t.co/n8ky79pQ #TCN
negative,What's the best way to eat reheated pizza I keep trying to eat this one but it's too hot and makes my mouth be in pain 
negative,@zackdft but i like reading the bullshit! 
negative,"@olabini still here, though the site is gone "
positive,@aaminahh I'm excited about the books you received too! 
positive,just got TwitterFox.... so excited! 
neutral,U put w/eva comes to mind on #twitter but let me try n do it ima be a rat or something smh the nerve of dese #NIGGAS!!!!'
neutral,#Twitter: What's happening? #Facebook: What's on your mind? #Myspace: Where is everyone?
positive,Life is not fair.. but still good. 
positive,@hiphopnonstoptv  That's a lot of people for sure!
neutral,According to #twitter I have the same amount of followers as followees....#notgoingtolast
positive,hi Dianna ...this is so cool ... i just recently started twittering 
neutral,#Microsoft's Steve Ballmer attacks #Android phones http://t.co/cuoW78du
neutral,Let's go see what is trending on #Twitter tonight?
positive,"@Bern_morley it's the weather, petal. don't sweat it ... oh ...  ... sorry ... "
positive,"Skype for iPhone + VoIPover3G, now we can easily make voice calls over 3G or GRPS/EDGE. Cool stuff, thanks to Open Source community "
negative,Sitting at home and im very bored   keep hearing really weird noises downstairs. Kinda creepy
positive,@dmf71 rrrrrr you so very sweet a big hi to you!!!!!!! 
positive,"@tweetshrink Hah, yea, I suppose ;)  And I love the customer service!! "
positive,@StarChile.....ahhh.....alright. Thanks. Congrat's on your team's win today 
positive,@nashipear Sorry I am talking to my best friend.. So I havent replied!!  But I can talk to you too!
neutral,"Microsoft #Cloud Services, ...federal government appears to have resulted in a decision favoring #Microsoft http://t.co/bz0uabpP"
positive,@ChristianaZhu just joined AIESEC 
positive,@ work and then &quot;school&quot;..... 
neutral,Novo #Nick in #twitter. Hehe'  (:
negative,ill make fresh start.. i promise...    xtra sad puppy face...
positive,"@ellie1971 yes, thatï¿½s a good idea!  how late is it at your side of the world?"
positive,"@suitelifeofkell yeah, well, we'll still talk about it, he just wont have any idea  plus i havent even talked ta him bout it yet"
positive,"stage 1 is just about 100% complete. Naw to wait a few days fo stages 2-4 to come, then BAM! Ill have the hottest hair in z world. "
neutral,#Microsoft announces official SQL Server driver for #Linux - http://t.co/lgTx40UM #SqlServer
positive,"@mackmaine just checkin in with you, Saying hello. "
neutral,@simonsays_payme @KaleMurphy @chatoney #twitter addict.. Tweeting while being a Lil BITCH #jerkoffmore #KYS #SMILE http://t.co/7JDvu514
neutral,@codytigernord Just a reminder that you fail on #twitter
positive,@LisaNoelRuocco oh and i like your new hair too. i think it really suits you. 
neutral,"Save ink by printing certain areas of your doc. Highlight the text, click Print, under Page Range tick â€˜Selectionâ€™. #microsoft #word #office"
negative,In work  sooo bored !
neutral,@_ahooten23 welcomee to #twitter
positive,will invite people to twitter. 
positive,Goodnight 
negative,@vanidosa27 What's wrong? why do you need an inhaler? I didn't even know you were sick  Hope you start feeling better
positive,is BAKING ! HAHAHA. With abby and nikki !  http://plurk.com/p/mzsld
negative,@KarsentheSlater I'm getting pissy lately - I know I make mormon jokes at you - I'm sorry. I hear mormon jokes now and I feel bad. 
negative,i want diana F+. it looks great... 
neutral,@Bthompson16 if I was #toocool for #twitter then I wouldn't go on it and as a result my life would be boring so I don't think I am
positive,"@milagro88 LOL! That's ok. Yeah, we did.  He's looking forward to Thursday since we're going around for Visita Iglesia. 14 churches!"
negative,"@MrNokill @MrNokill problem is they aren't appealing to a wide enough audience, even though they think they may be "
positive,i fell of the tredmill today in sport 
negative,@bavster_twit u can't sip crap vodka! Nope not done #c25k got ominous knee pain - not good 
negative, there is no way i can go to school today im way to sick
neutral,Twitter Buzz Builds for the Occupy Wall Street Movement [CHARTS] #twitter #occupywallstreet #teamfollowback #autofollow http://t.co/IRYn5Vis
negative,Can't sleep. It's 2:05am--Ugh!!! I'm not even sleepy 
negative,"@SukottoXD I saw ice in the rain today. Not quite snow, but frozen water, nonetheless. "
negative,@PrinceDavey aww no invite??  lol jk. coolness for the day off!
negative,"In office, doing irritating work for the worst client i've ever had. You cant choose your project if ur an employee.  "
positive,it worked! Now i have this feeling that i might have to sleep outside... 
neutral,#Microsoft's Kinect brings 'playful learning' to the Xbox 360 http://t.co/1KAi853k
neutral,"#Retail friends, follow @MicrosoftHelps on #Twitter.  A GREAT resource and the official account for @Microsoft #CustomerService & Support!"
neutral,Steve Ballmer: Bunch of new Nokia Windows Phones coming next week http://t.co/8F2FVygU via @esphoneblog #wp7 #nokia #microsoft
neutral,".@chrispirillo Re. #twitter 1,402,239 positive opinions http://t.co/uUd7ea3v? vs. 688,546 negative http://t.co/Q7Kf5xKz?"
positive,Anyone else catch Scott Bakula's &quot;Oh Boy&quot; in #Chuck tonight?  
positive,Good morning to all followers. I wish you a nice Tuesday and good luck with your business. | Allen Verfolgern einen sonnigen Dienstag.  
positive,"ready for nice weather, day drinking &amp; not to ever be a student again "
positive,@kamy775 ok..I did it...hope it works now 
negative,@katyrullman This is why you need to not be over in the Old World. I misses hanging out and being awkward with you 
positive,@MussoMitchel Hey you should go on tour sometime with your brother! Metro Station is freakin awesome! 
neutral,How about @MattSloyer on the #twitter!
positive,"@hiannie Tiger is great, love the voice "
neutral,@Adaddy101 @johnodame .. all this flirting over #twitter is starting to make me think you guys got a crush on each other #bromance.
positive,I have this strange desire to go to confession!!!!! 
neutral,"RT @KanvasKings: 1,500 #followers on #Twitter and 2,500 #fans on #Facebook? Takeover imminent? #HellYeah. ALL SHIRTS JUST $15 til Monday!"
neutral,"â€œ@KekeLauren @IGoHard_NoBONER Yooooo ""Mena Malia"" lOl I love your #Twitter nameâ€"
positive,"@jennifermf totally know what u mean!this late night stuff has been 2 my detriment 4 YEARS,lol;society is discriminatory toward night ppl "
neutral,Lol Smh gudnite #twitter
negative,@AllStarNinja my choices are limited since they blocked my HULU.. 
positive,@PrincessSuperC Hey Cici sweetheart! Just wanted to let u know I luv u! OH! and will the mixtape drop soon? FANTASY RIDE MAY 5TH!!!!  
positive,goodnight everyone 
neutral,Ugh idk how to use this thing #twitter #helpme
negative,Txt-Chat with Jake. Lmfao. Its Frikkin Awesome! I Miss This Effin Boy So Much.  Awww. Hoping You Guys Would Come Back Here Na! ) xxxx
positive,TODAY is THE day  Canï¿½t wait to see you Jacqui   Canï¿½t stop singing lady gagaï¿½s poker face. itï¿½s addictive xD. Last day of school today!
negative,Time to get me ass in gear and start the day 
neutral,#Twitter Introduces Free Twitter Web Analytics Tool http://t.co/HdLjWzaw via @HubSpot #reporting
positive,taking a shower 
neutral,its funny how you can take time out your precious #twitter time to monitor or judge what in saying
neutral,"#Twittertip: How to Keep Up With Over 100,000 #Twitter Followers http://t.co/o3oH3YPB RT @anntran_"
positive,"@butterflyb I must have had a dozen throat coats a few days ago. Ahhh, the Coat. That and Grand Marnier do wonders for me "
neutral,Microsoft Announces Interactive TV For Childrenâ€™s Games & Story Books #Xbox #Microsoft #family #fb http://t.co/BOCzCmbg
neutral,@cloudnewsindia The War of #Email #Cloud Computing: #Google vs. #Microsoft http://t.co/zu9pSwSG
positive,@JamesDeen you are my own personal Jeepers 
neutral,@OFA_IA @BarackObama #itheperson wld like all gov reps 2 have the date and state they reside in posted on their #twitter pic. 4 #wethepeople
neutral,Night #twitter lord please let that girl get some sleep
positive,mireika I love love love dancing with the stars. It is so entertaining and fun. Nothing more sexy than a man who can dance 
positive,Just saw Sunshine Cleaning. I love Amy Adams 
neutral,My #twitter age is 285 days 8 hours 52 minutes 38 seconds. Find out yours at http://t.co/q5mvW7VF #twittertime
negative,Babe aint callin 
positive,"@rhifreakx yes yes!  btw, when r u at the airport on friday? My plane's like at 5:00"
positive,"Okay, I'm good.  *counts to 10*"
negative,ps just broke my fucking phone 
positive,@PhoneBoy I can't wait to read that. 
negative,"nooooo!! I was doing so good, im not allowed to cry.. ughhh, staying up late makes me think about stuff.. "
negative,Oh my gosh... Oh my gosh...Susy is going to kill me with her remedy. 
neutral,RT @AmySimendinger: @rachiecrewz dude you can't just makeup your own fucking hashtags...learn how to use #twitter
neutral,"Appleâ€™ cash balance = $75.9 billion, surpassing the total operating balance of the U.S. government  #rich #apple #google #microsoft  #money"
negative,Left head phone has died this morning. 1 head phone to keep me company on my journey 
positive,had a great ending to a great day!  Being brave pays off.  Thank you Jesus-seriously.  Now off to watch the Hills and then bed!
neutral,"@TheRealJedaD If her name ain't #Twitter then ur not bcuz u been on here for a minute goin HAM...lol, I'm Just Sayin!!"
neutral,#Twitter lies RT @amerikusl I lose all my friends once they get pregnant :-(
neutral,YAAAAAAAAY @BoogieDeBeast made my Tallman #Twitter list standing 6'6 BaYbeeeee
neutral,#Ballmer says that #Microsoft dodged a bullet when it failed to acquire #Yahoo in 2008 | Wish 1 of my ex-employers was lucky like that 2
negative,Why do I keep working for places that DON'T do the Cycle2Work scheme. 15% disc at Halfauds is good enough. 
positive,@ManyaS 
negative,Trying to find a tech job. Can't find any entry level jobs any were.  Also just about every job site has more spam now then jobs.
negative,Another sales pitch today for a potential #surface customer. I do more sales than development these days 
neutral,Aye @Me_Cedez get my bay out da way @Ful1time  ( swirlZ) gotta #Twitter
negative,Got a speeding ticket 
positive,the best way to succeed is to make all the right mistakes 
negative,Have to update my picture cos I look old and fat.  Oh I am old and fat  playing badminton is not working on weight 
negative,doesnt  want to go to work lol 
neutral,who follows ppl then unfollows them?!..  #YourLameAsHell tryna make it seem like your somebody IMPORTANT!! it's only #TWITTER! smh..
positive,That would be why @JonathanRKnight laughed at me when I told him my username has caca in it. lol 
positive,I'm new and lost 
negative,I don't like these late start night shifts coupled with it being bloody light outside my window when I'm meant to be going to sleep 
negative,@Kal_Penn thank you for being a great character on House! I'm sad to see you go! 
neutral,CEO Steve Ballmer says that #Microsoft dodged a bullet when it failed to acquire #Yahoo! in 2008 http://t.co/nlCxoCUz
neutral,RT @Charlielace Instead of updating your #Twitter why don't you update your life!
neutral,Top thing you would change about #twitter - go!
positive,@iamdiddy I feel you I hate working out too! But our results will be MAJOR! When you look good you feel good! 
positive,@contactnaveen this is gr8 news indeed 
negative,i've got one of those spots that doesn't really show yet but hurts like hell and will no doubt be a beauty tomorrow 
positive,ty  @GR8FL - soon I upload too  Emmylou Harris ï¿½ I'll Be Your Baby Tonight (GR8FL)  ? http://blip.fm/~3x8zc
neutral,RT @KiLLiN_EmSoftly: who follows ppl then unfollows them?!..  #YourLameAsHell tryna make it seem like your somebody IMPORTANT!! it's onl ...
negative,"@kaylee110 *yawns* i'm pretty good, thanks, awww  i'm sorry to hear that! feel better soon &lt;3"
negative,"I really don't want to go back to Chicago. I liked not hearing about bad politicians or Oprah, I hate Oprah.  Only 4 days left in the UK "
positive,"@DaveLindquist casting director called me today, she's wicked excited &amp; is presenting us to the producers. I'll let you know when I know "
neutral,AbOut TO BAMMER On #Twitter
neutral,Cerulean is the most advanced ERP cloud for hosted dynamics #microsoft #dynamics - http://t.co/4J53yJwd
positive,"@DonnieWahlberg Yessirrr! Don't give anyone that much power, do what makes you happy...that's why I'll be seeing you in da summah!! "
neutral,#Microsoft details #Windows8's new Start Screen Search http://t.co/Z6X5rE5q
neutral,RT @WesleyBackelant: Marketeer of the Year @ http://t.co/O07MOLI4 Please support @davidmerzel #microsoft
neutral,RTâ€œ@reimeraaron: #twitter keeps me from sleeping! #soaddictedâ€
negative,"@powerpoole some people try to be tricky, some stop using twitter at all  i guess it's as good as it gets! i had to try."
negative,"@AHolmes_NJ I was able to DownThemAll! before TA was able to delete my account. Didn't lose any photos, but I lost almost all comments "
neutral,RT @Nawwaf91: Some people take ' following & unfollowing ' personally. #Twitter
positive,"Coding on my Hp Mini 1000, I had said I won't this but this keyboard doesn't hurts  "
neutral,Tips for Reaching Out to Twitter's 50 Million Daily Users http://t.co/IF3IVLWN #twitter #mediagofer #socialmedia @SMsavvy @PRmate @KMiones
positive,@frenchGCfan I live in Sweeeeden  it's SO boring here -.-
neutral,1*Birthday* Shout-Out to 2 of my favorite people on #twitter!! @lizpope & @TheTinyJEWELBox Happy Birthday girls!
positive,@DrSecret Nice to meet you too buddy 
neutral,â€œ@GeeCloud: Congratulations to Softline Pastel (@SageGroupZA) for winning #ISV of the Year at #Microsoft #partnersummitâ€ @SoftlinePastel
neutral,Getting ready 4 bed... School tomorrow. We have an evacuation at school! Night #Twitter =]
positive,"@danthedaddy I love that you &quot;tweeted&quot; Love You, Forever. "
positive,@piercethevic im glad everythings going good for you guys 
neutral,Back in the #twitter game
negative,Hoping I can get some decent sleep tonight since I didn't get any worth shittt last night  Goodnight World! XOXO
positive,"@paulmason10538 Ha-ha, don't you go starting again. I've stopped playing with it now, Mobbler I mean "
positive,Going mimis with thoughts of Shick and Gavin DeGraw songs dancing in my head. 
positive,@DonnieWahlberg My kids get up and wish you a good morning  They donï¿½t know what time it is in america 
negative,@Kal_Penn I will miss you on the show... you were awesome!  What a shock!!  
positive,Fine-tuning part of a song Maddy and I r making.  Sounding good. I feel pro. Not. Hahaha
neutral,"Meu twitter tÃ¡ ficando velho jÃ¡, My #twitter age is 285 days 8 hours 52 minutes 40 seconds"
negative,@JBeauty lol   GOODNIGHT
negative,@schnicklefritz OMG! I have the same problem! I lent it to someone and they never gave it back!!! 
positive,@Jenniferlaurenh I miss you. You were my first follower. &lt;3 We need to talk more! Or do a vlogbrothers thing and communicate thru vlogs. 
negative,Dropped car off to get exhaust replaced - that's ï¿½250 I could do without spending 
negative,"@_elliee haha yeah, i thought it would be much more complicated :') and well ive just got home from school, we've not got holidays  x"
positive,"@ThePartyScene  &quot;you dream in black and white, i dream in vivid lights.&quot;"
neutral,"1,500 #followers on #Twitter and 2,500 #fans on #Facebook? Takeover imminent? #HellYeah. ALL SHIRTS JUST $15 til Monday!"
neutral,RT @bcopher: Anyone know where I can get a free trial of #microsoft #frontpage for #mac?
positive,im glad you had a good time  i wntd to do something nice for u and we did! what r u up to?
negative,"@Wyldceltic1 oh man, it was the most sad ever. "
neutral,RT @Sour_D_Reyyy: @obsexxed69 got one of the dopest blogs on #Twitter and #Tumblr...#RealTalk
positive,Happy Birthday to my little girl Jasmine! She turns three years old today. Throwing her a mini b day party tomorrow with just us. 
negative,@rodrigo very grey morning 
positive,"@anaperiodista still its fun to go out there. im jealous, you were at Wrigley field though., i might have to go out there this summer "
negative,Another long and slow day ahead ... *sigh!*  
negative,Had a lovely day at the beach followed by dinner with a gorgeous lady ;) roll on the work today  Booo!
negative,I think my email / domain is being blocked by  Akismet 
negative,My whip cream is melting 
positive,@frankiekillsyo chocolate chip waffles 
neutral,"@winnipeg_rt @andkatmy #Winnipeg needs better local news coverage, tired of not being in the know Thanks #twitter"
neutral,RT @SQLServer: #Microsoft made many announcements at #SQLPass Summit. Read the blog post for a recap: http://t.co/KSgglnDC #sqlserver #s ...
positive,@pkahleeb how that big baby boy doing? How are you and Em doing? Have you figured out you may never get a full nights rest again? 
negative,Planting a friend today.  Not been to a funeral in &gt;20 years.
neutral,#twitter is not #eharmony
positive,@ddlovato I saw u were on and I just wanted to say hi! U r an amazin person + an inspiration.Thank you so much! I hope I can meet u 1 day 
neutral,"#Twitter must be sharing, caring, interacting, socializing...Don&#39;t K+ does who ignore you...Give  a K+ to thise who truly are #social"
neutral,"Funny how social networks prod you to be always on ya keypad, #twitter-what's happening, #Fb-what's on your mind?"
negative,"Well that made me sad, i sat down to watch tv, and then remembered i dont have cable anymore.  Lol."
negative,@cannibaleyes I as bowling and the shit ripped 
negative,@mrskutcher I was just thinking that today - how deprssing it all is!  Makes us appreciate life more.
positive,come back 
negative,@Codylfriend - you're not sweet 
neutral,Why Ice Cream Sandwich Might Make Things Worse - '#Google needs to look to #Microsoft as an example' http://t.co/7UXWvH6h via @pcmag
neutral,Somebody help me? Is apple not on Twitter? That seems very weird. #apple #twitter
neutral,How to use search folders to organise your emails in #Microsoft #Outlook - http://t.co/NuMm5N3U
negative,@ekim1406 hehehe too bad they were separated 
positive,is sitting around...wondering what's next!  
positive,@JoeyLibetta Been better. Sore throat and sniffles today. You well? 
neutral,#goodmourning #twitter
negative,summer camp or summer school?? Both are boarding lol. 
positive,@hellivina You just gotta find something that speaks to you - and dive in.   I help rescued animals - those fuzzy faces make it worthwhile
neutral,GN #twitter off.
positive,I Joined ShoeDazzle Society by @KimKardashian I am Excited! Can't wait for my Shoe selection!  Link: http://www.shoedazzle.com/
positive,@pocketfulofme hahaha i so should of! but my nails were wet. hehe.but he was helpful  he flipped the magazine pages for me 
negative,Working on the Holy Week 
positive,"@ErinEven Brb, fedexing my application to you! "
negative,just threw up all over the bathroom. not fun 
positive,"@danielkirkley Lead Me To The Cross is one of my favorites!! Great job, D!!! "
negative,"@TyJaneTrev i agreee! clearly they only want attention, SORRY I COULDN'T CATCH THE TRAIN MATEEE "
neutral,Your #Twitter followers either like you for your sense of humor or sex appeal.
positive,"@WeTheTRAVIS &quot;Don't Speak Liar&quot; is my favorite of your songs, I'm looking forward to hearing it in Orlando  Get well soon!  ((((hugs))))"
positive,@JACATRENICH there ya go silly boy. nice job 
neutral,Ballmer On Not Buying #Yahoo: â€œSometimes Youâ€™re Luckyâ€ http://t.co/7ButjnVO &gt; most interesting part = nascent #Microsoft cloud leadership
positive,@dsiegel99 now if i could get to san diego the same night i could celebrate it twice lol thanks 
negative,@ditty003 I'm looking at mine And I can't even get to it... School work sucks...atleast when u get home that's it  LOL
negative,....it's just fever... 
neutral,Sleep. Finally. #Twitter
neutral,"Steve Ballmer Says ""Luck"" Kept Microsoft From Buying Yahoo In 2008 http://t.co/9sDNmC0Y #Microsoft #Yahoo"
neutral,#Twitter'OFF :| GN'â™¥
positive,@ruhanirabin and again this would help  http://technorati.com/tag/barcampkl
positive,I feel so free  watching FRIENDS my favorite show!
negative,Misses Rach already 
positive,"Progress on the Math Quilt is slow, but steady. Tomorrow I will teach children and finish sewing the Quilt. Then on to my beloved comics "
positive,@Starrbby when u move back to jersey its gonna be better 
positive,"When you just want things to end, remember to have faith because one day, it's all going to be alright "
neutral,Tweet tweet #twitter
positive,"@brooklynunion cuz ur 3pm is my 9am and Id be either asleep or airport- bound...  Ima sneak sum'n special in 4u, tho ;-)"
positive,One more hour for lunch .. its tough to kill time.. particularly when u are supposed to be working 
positive,@CTesdahl well you can always digg or stumble...both have aided me greatly in wasting countless hours of my life 
positive,Back from camp!! YAY!! What did I miss? 
positive,@shakn if you make samosas regularly 
negative,Trying really hard not to get sick from all of the stuff I just took to get rid of my cough. 
positive,@veronica78 guess i better make more tweets for @JonathanRKnight to give us a &quot;sweet&quot; bedtime story!  plz!
negative,It is just me. Uninstalled #rails 2.3.2 and tried with a fresh 2.2.2 app - still no dice. Obviously something bizarre in my setup 
neutral,#Followme dijo #Twitter :D
negative,@dougiemcfly hey saw u guys play @ pushover..didn't get 2 meet u tho cuz of th HUGE line  i was very upset lol..a msg would make up 4 it!
neutral,#Everybody on #twitter go in tha.#bathroom and say #bloodymary3 times wit tha light off
negative,hooray for the ever so reliable signalflare server 
positive,@OfficialJagex you could use twitter to give us more info about MechScape o.0 Please 
negative,"haven't even had time to twitt theese last few days, insane! "
negative,uh...I feel so lonely  I wish my BFFWIAMC (Best Friend Forever Who Is Also My Cousin) has a Twitter
negative,holy shindigs.  thats HOT.
negative,just got back from the funeral of a government employee-friend.    http://plurk.com/p/n0bvd
neutral,@SincerelytiGG_ I guess dat wat #twitter does lol
positive,im eating a chocolate crakle. i bet you all are jelous. its a mini party 
neutral,"its ok to put up bible verses & encouraging post about God on #Twitter, but make sure you stand by your words, cause your an example."
negative,@bursaar Good for me. I haven't gone to bed... 
neutral,#twitter that's wassup ! lol!
negative,I have a hole in my favourite top. I bought it in the sale before Christmas so I can't even get an exchange  might try fixing it later.
positive,ok... headed to bed. tomorrow I open shop for freddy and eddy 
neutral,Windows Phone Tango and Apollo rumors suggest new screen specs microsoft
neutral,Facebook and #Twitter Off
neutral,â€œ@JTBrownn: #Twitter are freaking kidding #wth .. http://t.co/Mgn9GzZ1â€ twitter
negative,yo that was hella weird my twitter got deleted 
negative,missing my boyfriend  who im on the phone with but its just not the same TWEET
positive,@jentheju don't cry 
positive,@thecrazyjogger ITC latest changes to the network made me crazy yesterday ! but now it seems to work ok 
negative,Is back at the cabbins  Ew!
neutral,@MindPhucked you changed your #twitter name?!
neutral,#Microsoft Community Blogs The 7/365 Review - The Cloud's Impact on Business http://t.co/gPB2MjFW
negative,Going to sleep now. Johnny just died on the OC. 
neutral,"SeNews : Ballmer: 70% Of The Time, Google & Bing Are The Same, So Try Bing! #Microsoft #Bing : http://t.co/6RmJ9Bgn"
negative,"I don't want to be cold in April, but I am "
neutral,Get #Microsoft #http://t.co/TMUrucvW certified now!! http://t.co/3Qr7XoCy
positive,"A je kakï¿½en rip od Trenutek resnice? Link, link, link "
positive,haz her gown ordered today.  and dropped boogie off to the airport.  and now.. laundry galore is to be continued.
negative,@tommcfly Good morning Tom! Why can't I send you a message? This is too short for the question I have  Well to bad for me I guess..
negative,Okay I'm sorry that was mean. I'm not nice 
negative,@iwouldificould How have you watched it? I tried the youtube link but it won't work! 
positive,Had a great night..really enjoying life  
neutral,RT @LIL_HAM05: @Nikki_BoBo #Twitter after dark
negative,blip is &quot;under maintenance&quot; &amp; i'm goin' through withdrawel 
neutral,I wonder if I was to get at a celebrity's neck on #twitter. Will I be on the news or radio. #planForFame lmfao
positive,I really hope im getting better. The nyquil is making me say good night. @marielxo hope you had a good time 
positive,"Twidroid installed, lets spam twitter with the g1 google mobile "
negative,i am so screwed up! a confused and dumb child!  i NEVER felt so bad all my life! i wish i have any specialty! too bad i have none ='(
neutral,Being Choosy With Twitter: The Follow-Back Conundrum http://t.co/K2rRC2ir #socialmedia #twitter #mediagofer @media_guerilla @SMsavvy
positive,@JonathanRKnight  Iwas thinking same thing..night all!! 
positive,"Uploading pics from Sunday night out - it was a good night, lots of fun, and I got to know my boyfriend's sister better "
positive,"@JonathanRKnight Hey Jon we all love ya and understand,that's all it counts  "
positive,@lifechangingliv that is so not nice... Just remember that its your bed i'll be peeing in! enjoy sleeping in the chair... 
positive,@jazz_nash ahaha im sure it is. lol 
positive,"Ahh, the tedium of fixing broken file links in Inventor.  Good times.  "
neutral,The way you can understand microsoft
negative,again with the fucked sleep... ive decided to go do homework instead 
neutral,RT @VentureBeat: #Ballmer: â€œWeâ€™ve picked our playâ€ in #social with #Skype deal http://t.co/03IHBOgj #microsoft #xbox #in
positive,Wooohhooo the beach was awsome  .. haha i luve ..it The water was soooo cold .. went to seattle to Aqui bech or somethin like that =P
positive,@chanc Can't wait to see you in 4 sleeps and 3 days! 
positive,@JonathanRKnight or are you a Mac?  then you could do anything! 
negative,Goodnight everyone. Well I'm not feeling much better and I'm going to the doctor tomorrow.  
negative,"Tuesday is a raining day, again "
positive,"@DonnieWahlberg Seriously, you are Donfucious!  "
positive,@nikan Did it just begin to... reveal the true nature of the company? 
negative,"@RussyRhubarb A new twitter name without telling me? Boo. By the way, I think Oberon is dead  Haven't seen him for ages..."
negative,"Sorry, was getting ready.  Going to leave at 8am today."
neutral,Twitter Buzz Builds for the Occupy Wall Street Movement [CHARTS] http://t.co/h8geayT5 #twitter
negative,@_laertesgirl Sorry to hear that.  Anything specific? x
negative,just got to work and am so ravenous have eaten my gipton steak &amp; branston sarnies. Now I'll have to buy something for lunch!!   doh!
negative,Twitter is down? 
negative,@lili_marlene Ohh that sux 
positive,"Wow, the house looks so different...AND OH MY GOD MY DOGGIES "
neutral,Â«@BigBellyBigCuz RT @Free_Nuttball #fuckyoumean #Pittsburgh don't got the best #twitter.Â»
negative,@laurenlenewx awww i'm sorry 
negative,i cant sleep ugghhh 
neutral,Getting some blank rows in my #Twitter feed on the website. Are you?
neutral,"Zero-day exploits are low in number, but pose big threat, experts say: http://t.co/Tk7i6fw4 #Microsoft #ITsecurity"
positive,http://tinyurl.com/dg82p9  ok this might be in top 5 funny family guy clips 
negative,@msJodiOdie its such a sad situation. Though 1-in-3 of us will be beaten. In US every 15 seconds &amp; 3 killed a day. It's sadly commonplace 
negative,"School work BORING,  Working on a business law paper right now can't wait till i'm done.  Hopefully tomorrow grrrr...   "
negative,@infidelsarecool ugh how depressing.    i want to punch something.
positive,Karaokï¿½ @ Figa on Mondays feels like a Gossip Girl episode! lots of fun. XOXO 
positive,Is lying in bed with a babe 
neutral,Hm... Can't decide if I should like it or not... #Microsoft #OmniTouch  http://t.co/k074N0z2
negative,@gabysslave thanks - you too! I have an essay to write 
positive,Lamb Chowmein for dinner tonight.... hhhmmm with slightly roasted buttered dinner rolls! YUM YUM YUM... so hungry 
neutral,#fuckyoumean #Pittsburgh don't got the best #twitter.
positive,finally back on twitter 
positive,"@arielbh Hope I'm not too late.. anywat, Good luck "
neutral,"I just installed the new Twidroyd for #Twitter on my #Android Phone - It's #Free, give it a try. http://t.co/nvNns7VR"
positive,@ferretfreakx4  I had so much fun tonight!    And I'm totally stealing all your pictures when you upload them.  hehehe
neutral,Hitting the sack early. G-night #twitter
negative,"@jillglavan soooo disappointed your T.I. party is when I leave for Vegas. I was so jacked up when you first talked about it, now nothing "
neutral,Damn girl I'll follow u to the end of the road twitter
neutral,#Microsoft news: #SQLServer licensing will be different from december2011 | #Office365 and #Azure will be available in #Algeria in 2013
negative,@zaibatsu ME...I'm up.  
neutral,Why everytime I spazz on #twitter yall think some chick done hurt my feelings..I aint w/ Annette no more.. Lol
positive,@lightinthesky wow. enjoy! 
negative,"@awillert  im so jealous..i want salsa, but the cookies were AMAZING!"
negative,Longing for yesterday 
neutral,RT @Jackiebaaby_: #'s are  #for #twitter #NOT #facebook. Duuuuhhh
positive,@natalietran if you're talking Chapel Street then try Borscht Vodka &amp; Tears on corner of Chapel and High St or Globe at 218 Chapel St 
neutral,Wowww | Can watching #Twitter trends help predict the future? http://t.co/2bRzlsGc via @zite
positive,"Work like you don't need money, Love like you've never been hurt, &amp; dance like no one's watching. Good Night Tweethearts! Till tomo... "
negative,@KellyShibari i thought i saw you there! you were walking out the door when i saw you. 
positive,"@Jon_Favreau &quot;never worked on a sequel&quot; Maybe that's what we need to have a sequel live up to the first? Either way, can't wait! "
positive,"By the way... I never imagined that I'd have 111 followers. Thank you all, even the robots "
negative,"@christieeee Aww, I'm so sorry dearyy "
neutral,RT @MontrelCox: It's twitter. Get over it or go back to Facebook and unfollow me. This is my free forum to say exactly what thee fuck I  ...
neutral,#Follow my main #Twitter @AikoChristine need more #followers help me get to 500
neutral,#Microsoft chief admits lucky escape from buying Yahoo! http://t.co/xOqL8Wqh
neutral,#twitter off
positive,@privarma I hope the Rupee symbol won't look like the &quot;R&quot; they use in Reliance 
positive,@citrusandcandy because of the movie or the person asking you out? 
positive,looooong day finally come to an end. as long as the bebes stay asleep. haha  bring on tomorrow!! B-)
negative,@hebb I wish I could go to bed... 
positive,@dangersqueezit I agree. I have weak enough teeth as is without bleaching away layers after layers.  Oh and Victory! Or death?... 
negative,What is common between Chidambaram and George Bush  ?
neutral,"#EMC White paper on Automated Perf Optimization for #Microsoft Applications with EMC #VMAX, FAST VP and #HyperV #SCVMM http://t.co/kAHnFla7"
positive,"Well Twitter, it has been an exciting date for me..  Victorious. I am going to sleep and see you all tomorrow."
positive,of course he makes me feel better 
positive,"@GinaDeAngelo ha, definitely not vegan. I'm drinking it, still alive too. All is well "
neutral,#Twitter Off!
neutral,Thanks for the #follow don't forget to add us to your #Twitter list
negative,Still doing homework. 
neutral,@HOLLYcash mann u can have ah olelady but them hoes for everybody son I been doin dis u stop catchin feelings its #twitter
neutral,Woooow I just log out from #twitter and there's more than 60 #tweets on my #timeline
negative,Finally going to sleep and waking up early to study 
negative,@deepbluesealove Your beau's not online tonight  bummer for U...And No music either!
neutral,01:50 no #msn e no #twitter twitter
neutral,"Mashable! - Microsoft CEO Steve Ballmer on Not Buying Yahoo: â€œSometimes, Youâ€™re ...  #yahoo #microsoft #ballmer http://t.co/tWIzjGBR"
neutral,RT @Pocketlint: Ballmer on Nokia: Really looking forward to bunch of new devices next week http://t.co/xjUwssZs #wp7 #nokia #Microsoft
positive,@RobGrimes whats gooooood 
neutral,#Silver &#GOLD #Apple tumbles no matter how many sold #Microsoft buys them 4 a nice price so get in there show #justsayin #Droid rules inend
positive,"@milagro88 Hi there, Cel.  How are you doing today?"
neutral,@iamRoyaltyFRESH Pls let us know if you need help w/ music marketing promo. We got #Twitter & #Youtube on lock. http://t.co/U0HzoVQF
negative,Can't seem to get over the dissapointment of haveing absolutly no one notice I am gone. Sad   I must not be boring I must not be boring...
positive,@TechBabe I blame ADD... too many things happening for me to focus on catching you haha... ooh look something shiny 
neutral,#ThingsWeAllHate  false advertisement via #twitter lol
positive,@zinedistro Your welcome. Looking forward to the event!!  Not long until May 1 now....
negative,Fairly certain I have the flu. 
positive,@tweeterdiva already did! 
positive,being sexy and really happy 
negative,"All the fightin and name callin, i can still run 2 my sister!  nite..."
positive,@mpconnolly finally someone else tweeting about Nouveau Riche.  #NRU
neutral,"#Microsoft #Cloud Oracle, Windows Garner Different Views over Multitenant Cloud ...: Microsoft's cloud appr... http://t.co/lVzJNRPs #TCN"
neutral,RT @marcfletcher: #Intervate wins the portals and collaboration partner of the year 2011 #Microsoft #techedafrica
negative,"Lots of revision to do tonight too for my final assessments. More assessments today as well, 90% pass mark is harsh "
negative,can't upload my pic 
neutral,Find & give information about software bugs & help improve #Microsoft products. Apply to become a #Beta Tester http://t.co/OSWEfixz #ITPro
neutral,Funny #BillGates #Aprons w/Google #1 ranked #LTCartoon â€œGot #Microsoftâ€œ? http://t.co/CStd8cPM #humor #foodie #microsoft
neutral,#Twitter should have Emoticons
negative,has a hangover 
neutral,My #twitter age is 2 years 0 days 3 hours 31 minutes 17 seconds. Find out yours at http://t.co/xNCmtWWb #twittertime
neutral,How to tweet... like a #celeb ;) http://t.co/cQfsjDwB #twitter
positive,@Mpits its super easy lol I wish everyone would jump on the bandwagon 
positive,@voodooexp2009 i will give my first born to have ghostland observatory at voodoo again 
neutral,Ahhh!! Why is #Twitter so #addicting
negative,I'm in pain 
neutral,#twitter is like therapy for sum people say wat you feel & get alot off yo chest.. And don't care wat the next person say
neutral,Some1 shld create a Business where they take ppl's #twitter streams over a period of time & make them into a nice book. #keepsake #urwelcome
positive,@hsumilo too much playing wii la ... dont bluff 
negative,3 in the morning and I can't sleep. 
negative,"Driving back to La Quinta tomorrow... I should sleep, but I'm oddly wired. "
neutral,"facebook oof , #twitter of... night night every1!"
negative,im yellinq at ma mummyy  !! lol .. she is ANGRY AT MEE  !! 
positive,Is glad the Angels won their first game of the season. 
negative,At shell gas station. lunch break. Tired. 
positive,@anasalido Hey you! I miss you a lot.. I want a catch up on your life sometime  and thanks lol
positive,ahhhh time to feed the tribe lol chicken casserole with veg yummo 
positive,@Hedder37 lol. Okay  sounds like a plan.
positive,@JonathanRKnight  I totally agree!!! why r we limited on what we need to speak out about- i need more than 140! lol its sooo random 
neutral,RT @sanjeevgadre: #Ballmer says that #Microsoft dodged a bullet when it failed to acquire #Yahoo in 2008 | Wish 1 of my ex-employers was ...
positive,"@omg_pichu Oh my, who's fighting? *Randomly punches someone in the face* Am I winning? "
