tweet_id,processed_tweet
1,scope comparison classical dance numbers past classical choreographies toh hai hi
2,two days learn dance
3,boyz dance practice video theboyz dreamlike dd
4,lisa always considerate jisoo speaking english much accompany jisoo jisoo
5,arrestcorruptjailor shamsher singh dahiya rubbish heartles jailor india forces female prisoners
6,applications open rural touring dance initiative existing shows new ideas find
7,gravity up10tion the_moment_of_illusion your_gravity
8,upcoming longer last comeback let guest weekly idol please
9,day sunday august day sketch challenge progress creativitymatters day
10,gravity up10tion the_moment_of_illusion your_gravity
11,cast reality dance competition show influencers apparent cast based
12,goodnight sweet dreams suffer bedtime mic drop remix dance break dior jimin slays thats
13,coba ditonton guys itu video minhee nge cover dance full firebts pas pre pdx
14,cast reality dance competition show influencers apparent cast based
15,rowoon chani participated special signal song tune love movie along paul kim kim
16,cast reality dance competition show influencers apparent cast based
17,kim mingyu fucking dance ippeo ippeo first fan meeting today fucking deserve song clame dude
18,bringing back favourite jimin jhope dance
19,way hoseok sprint get ready dance performing one toughest starting setlist ever
20,seulgi one dance kings recognized boa also picked nextgeneration girl group dance kings weekly
21,way hoseok sprint get ready dance performing one toughest starting setlist ever
22,minho always serious sincere dancing everyone chaotic minho still dance
23,never time gene chandler used dance
24,im sophie turner abandoning husband bc needs dance normani b way sometimes
25,dance like one parthsamthaan kasautiizindagiikay
26,lisa celine muse face moonshot trending dance cover followed artist south korea thailand
27,little mix reinvent era multiple performances song one completely
28,im sophie turner abandoning husband bc needs dance normani b way sometimes
29,coba ditonton guys itu video minhee nge cover dance full firebts pas pre pdx
30,sunmi backdancers back relay dance video time new song lalalay watch
31,
32,cast reality dance competition show influencers apparent cast based
33,dream jimin n wanted play dna could dance lmao
34,apparently put intro persona mic drop dance break magic happens
35,info new knew twerking caribbean origin also didnt know
36,cast reality dance competition show influencers apparent cast based
37,signs uri beko call preview yoon minsoo song gain traditional korean styling
38,one things would cherish profoundly life become legendary photographer say hello
39,seulgi one dance kings recognized boa also picked nextgeneration girl group dance kings weekly
40,boyz dance practice video theboyz dreamlike dd
41,cast reality dance competition show influencers apparent cast based
42,im sophie turner abandoning husband bc needs dance normani b way sometimes
43,rep dengan ini guys cha junho x1 cha junho vocal cha junho visual cha junho funny cha junho jibjung jibjung cha
44,dance instructor alright welcome first salsa class bucky standing bag tortilla
45,brokedancing guy silly dance draws smart guy everyone hungry rodney guy begins draw friendly
46,badman dance
47,angerme dance cover contest odottemita utattemita post video youtube tweet instagram
48,blackpinks jisoo lisa take cartoon characters epic dance battle
49,cornelia street sad like makes want dance sorcery
50,way hoseok sprint get ready dance performing one toughest starting setlist ever
51,early kpop dance class bts embroidery river case wondering whether could get
52,way hoseok sprint get ready dance performing one toughest starting setlist ever
53,rv seulgi mentioned twice momo one idols thinks dance queen among girl groups weekly
54,gallup brand reputation idol snsdominating star korean act moststreamed songs fan dance special award
55,whoever dk whr dance yall cant b friends w
56,signs uri beko call preview yoon minsoo song gain traditional korean styling
57,wonpil listening one ok last dance still favorite thing ever
58,cast reality dance competition show influencers apparent cast based
59,cant wait see dance days go queen high crowning
60,join us friday august fundraising event driko agdeppa high power central dance studio
61,say dont gotta dance make money move see dont speak means dont fuck im
62,choreography amy pollard dance
63,boyz dance practice video theboyz dreamlike dd
64,cast reality dance competition show influencers apparent cast based
65,gravity up10tion the_moment_of_illusion your_gravity
66,khoshgela bayad english beauties must
67,blackpinks jisoo lisa show cute dance moves admit goes backstage tour
68,missy always hands favorite female yo face artist ever
69,wanna roomie put dance show u ur chem
70,way hoseok sprint get ready dance performing one toughest starting setlist ever
71,seulgi one dance kings recognized boa also picked nextgeneration girl group dance kings weekly
72,im sophie turner abandoning husband bc needs dance normani b way sometimes
73,im sophie turner abandoning husband bc needs dance normani b way sometimes
74,way hoseok sprint get ready dance performing one toughest starting setlist ever
75,finally found dance battle lunch
76,whoever dk whr dance yall cant b friends w
77,okay legendary behaviour like everyone would expect dance men dancers made
78,like boys dance
79,im really gonna regret showing guys alot dont tik tok vaild reason
80,day since dont speaker play music film dance snapchat umm guess
81,see told acting classes would pay got talent tank dance
82,cast reality dance competition show influencers apparent cast based
83,let juice wrld play goodbye good riddance dance ride death face love
84,yall call twerkin traditional dance
85,time meet night owls meet jordan wickett pipe fitter bass player dudley jordan loved
86,everytime watch guys want get dance remember cant dance slightest
87,cast reality dance competition show influencers apparent cast based
88,dance definitely everyone proud say students get study dance ks3
89,seulgi one dance kings recognized boa also picked nextgeneration girl group dance kings weekly
90,rv seulgi mentioned twice momo one idols thinks dance queen among girl groups weekly
91,youve gotta dance like theres nobody watching love like youll never hurt sing like theres nobody
92,dance touching body
93,official escapism demo video woke morning wanted record quick music video dance
94,favorite songs music rock pop dance latino connells
95,leroc frenetic tango precise dance nude
96,cast reality dance competition show influencers apparent cast based
97,mod darksouls3 changes bow gesture fornite dance nexusmods
98,way hoseok sprint get ready dance performing one toughest starting setlist ever
99,asked favourite moment strictlycomedancing said reverend richard coles
100,never forget iconic taekook dance otsukare everyone thought mating
