tweet_id,processed_tweet
1,madam ji logic osama bin laden also extremely qualified respected figure terrorists
2,world celebrates brotherhood september every year date swami vivekananda delivered
3,madam ji logic osama bin laden also extremely qualified respected figure terrorists
4,madam ji logic osama bin laden also extremely qualified respected figure terrorists
5,except osama bin laden shuttling afghanistan pakistan whilst shekau
6,madam ji logic osama bin laden also extremely qualified respected figure terrorists
7,madam ji logic osama bin laden also extremely qualified respected figure terrorists
8,sister america powerful country world took years find osama bin laden
9,sister america powerful country world took years find osama bin laden
10,sister america powerful country world took years find osama bin laden
11,madam ji logic osama bin laden also extremely qualified respected figure terrorists
12,madam ji logic osama bin laden also extremely qualified respected figure terrorists
13,madam ji logic osama bin laden also extremely qualified respected figure terrorists
14,sister america powerful country world took years find osama bin laden
15,muslim cleric says jihad mandatory india jammu kashmir firebrand cleric links
16,tweet claiming pakistan kashmir balochistan khyber pakhtunkhwa sindh etc integral
17,madam ji logic osama bin laden also extremely qualified respected figure terrorists
18,madam ji logic osama bin laden also extremely qualified respected figure terrorists
19,sister america powerful country world took years find osama bin laden
20,sister america powerful country world took years find osama bin laden
21,sister america powerful country world took years find osama bin laden
22,tweet claiming pakistan kashmir balochistan khyber pakhtunkhwa sindh etc integral
23,sister america powerful country world took years find osama bin laden
24,sister america powerful country world took years find osama bin laden
25,sister america powerful country world took years find osama bin laden
26,sister america powerful country world took years find osama bin laden
27,sister america powerful country world took years find osama bin laden
28,madam ji logic osama bin laden also extremely qualified respected figure terrorists
29,madam ji logic osama bin laden also extremely qualified respected figure terrorists
30,sister america powerful country world took years find osama bin laden
31,madam ji logic osama bin laden also extremely qualified respected figure terrorists
32,neither afghanistan taliban ever attacked us harboring osama bin laden taliban
33,madam ji logic osama bin laden also extremely qualified respected figure terrorists
34,sister america powerful country world took years find osama bin laden
35,madam ji logic osama bin laden also extremely qualified respected figure terrorists
36,time wake worlds called leaders late modi terrorist attacks kashmir
37,madam ji logic osama bin laden also extremely qualified respected figure terrorists
38,sister america powerful country world took years find osama bin laden
39,madam ji logic osama bin laden also extremely qualified respected figure terrorists
40,muslim cleric says jihad mandatory india jammu kashmir firebrand cleric links
41,pakistan army brave.they managed protect osama bin laden long time
42,sister america powerful country world took years find osama
43,madam ji logic osama bin laden also extremely qualified respected figure terrorists
44,madam ji logic osama bin laden also extremely qualified respected figure terrorists
45,madam ji logic osama bin laden also extremely qualified respected figure terrorists
46,madam ji logic osama bin laden also extremely qualified respected figure terrorists
47,madam ji logic osama bin laden also extremely qualified respected figure terrorists
48,madam ji logic osama bin laden also extremely qualified respected figure terrorists
49,wth pakistani girl claim daughter trump said kidnapped
50,wth pakistani girl claim daughter trump said kidnapped
51,madam ji logic osama bin laden also extremely qualified respected figure terrorists
52,tvs except probably mirror showing like osama bin laden caught
53,madam ji logic osama bin laden also extremely qualified respected figure terrorists
54,madam ji logic osama bin laden also extremely qualified respected figure terrorists
55,madam ji logic osama bin laden also extremely qualified respected figure terrorists
56,madam ji logic osama bin laden also extremely qualified respected figure terrorists
57,muslim cleric says jihad mandatory india jammu kashmir firebrand cleric links
58,madam ji logic osama bin laden also extremely qualified respected figure terrorists
59,madam ji logic osama bin laden also extremely qualified respected figure terrorists
60,madam ji logic osama bin laden also extremely qualified respected figure terrorists
61,madam ji logic osama bin laden also extremely qualified respected figure terrorists
62,madam ji logic osama bin laden also extremely qualified respected figure terrorists
63,tucker tackles biography coal daily caller coal miner
64,madam ji logic osama bin laden also extremely qualified respected figure terrorists
65,madam ji logic osama bin laden also extremely qualified respected figure terrorists
66,madam ji logic osama bin laden also extremely qualified respected figure terrorists
67,madam ji logic osama bin laden also extremely qualified respected figure terrorists
68,madam ji logic osama bin laden also extremely qualified respected figure terrorists
69,madam ji logic osama bin laden also extremely qualified respected figure terrorists
70,madam ji logic osama bin laden also extremely qualified respected figure terrorists
71,madam ji logic osama bin laden also extremely qualified respected figure terrorists
72,obvious zia team decided work iran arabs handle
73,madam ji logic osama bin laden also extremely qualified respected figure terrorists
74,madam ji logic osama bin laden also extremely qualified respected figure terrorists
75,madam ji logic osama bin laden also extremely qualified respected figure terrorists
76,madam ji logic osama bin laden also extremely qualified respected figure terrorists
77,madam ji logic osama bin laden also extremely qualified respected figure terrorists
78,madam ji logic osama bin laden also extremely qualified respected figure terrorists
79,madam ji logic osama bin laden also extremely qualified respected figure terrorists
80,madam ji logic osama bin laden also extremely qualified respected figure terrorists
81,madam ji logic osama bin laden also extremely qualified respected figure terrorists
82,stopkillingkashmiris indians comment trends things say pakistan running
83,madam ji logic osama bin laden also extremely qualified respected figure terrorists
84,madam ji logic osama bin laden also extremely qualified respected figure terrorists
85,
86,madam ji logic osama bin laden also extremely qualified respected figure terrorists
87,world also knows
88,madam ji logic osama bin laden also extremely qualified respected figure terrorists
89,madam ji logic osama bin laden also extremely qualified respected figure terrorists
90,madam ji logic osama bin laden also extremely qualified respected figure terrorists
91,madam ji logic osama bin laden also extremely qualified respected figure terrorists
92,madam ji logic osama bin laden also extremely qualified respected figure terrorists
93,madam ji logic osama bin laden also extremely qualified respected figure terrorists
94,madam ji logic osama bin laden also extremely qualified respected figure terrorists
95,tweet claiming pakistan kashmir balochistan khyber pakhtunkhwa sindh etc integral
96,madam ji logic osama bin laden also extremely qualified respected figure terrorists
97,madam ji logic osama bin laden also extremely qualified respected figure terrorists
98,madam ji logic osama bin laden also extremely qualified respected figure terrorists
99,hell remember supposedly got osama bin laden wanted man global history
100,madam ji logic osama bin laden also extremely qualified respected figure terrorists
